,date,region,product_category,units_sold,unit_price,cost,revenue,profit,margin
0,2024-01-01,South,Home Decor,54,188.11,5889.21,10157.94,4268.7300000000005,0.42
1,2024-01-01,East,Fashion,95,453.23,35034.6,43056.85,8022.25,0.19
2,2024-01-01,South,Home Decor,21,435.79,6832.31,9151.59,2319.2799999999997,0.25
3,2024-01-01,East,Electronics,67,152.91,7914.66,10244.97,2330.3099999999995,0.23
4,2024-01-01,North,Electronics,51,489.7,17553.04,24974.7,7421.66,0.3
5,2024-01-01,East,Electronics,46,338.84,9956.03,15586.64,5630.609999999999,0.36
6,2024-01-01,East,Fashion,85,159.68,9662.28,13572.800000000001,3910.5200000000004,0.29
7,2024-01-01,West,Fashion,79,425.93,26853.89,33648.47,6794.580000000002,0.2
8,2024-01-01,North,Electronics,42,354.26,12091.4,14878.92,2787.5200000000004,0.19
9,2024-01-01,West,Electronics,32,456.69,8990.61,14614.08,5623.469999999999,0.38
10,2024-01-01,South,Electronics,30,226.34,5513.61,6790.2,1276.5900000000001,0.19
11,2024-01-01,North,Home Decor,58,434.62,20792.31,25207.96,4415.649999999998,0.18
12,2024-01-01,West,Electronics,58,284.48,13436.98,16499.84,3062.8600000000006,0.19
13,2024-01-01,North,Electronics,90,334.24,26558.41,30081.600000000002,3523.1900000000023,0.12
14,2024-01-01,North,Fashion,22,248.79,2778.17,5473.38,2695.21,0.49
15,2024-01-01,South,Home Decor,82,296.5,21737.52,24313.0,2575.4799999999996,0.11
16,2024-01-01,South,Home Decor,80,311.98,18656.62,24958.4,6301.7800000000025,0.25
17,2024-01-01,North,Electronics,21,53.01,700.8,1113.21,412.4100000000001,0.37
18,2024-01-02,North,Home Decor,89,476.93,30931.63,42446.770000000004,11515.140000000003,0.27
19,2024-01-02,North,Fashion,30,223.53,3680.22,6705.9,3025.68,0.45
20,2024-01-02,South,Electronics,61,243.55,8717.56,14856.550000000001,6138.990000000002,0.41
21,2024-01-02,South,Fashion,72,408.31,22064.29,29398.32,7334.029999999999,0.25
22,2024-01-02,South,Fashion,64,69.35,3856.73,4438.4,581.6699999999996,0.13
23,2024-01-02,North,Home Decor,41,345.22,11627.56,14154.02,2526.460000000001,0.18
24,2024-01-02,South,Electronics,56,365.39,13199.96,20461.84,7261.880000000001,0.35
25,2024-01-02,North,Home Decor,63,57.12,2778.78,3598.56,819.7799999999997,0.23
26,2024-01-02,East,Electronics,74,219.64,13951.13,16253.359999999999,2302.2299999999996,0.14
27,2024-01-02,South,Electronics,29,102.21,2221.26,2964.0899999999997,742.8299999999995,0.25
28,2024-01-02,North,Home Decor,48,482.08,16886.87,23139.84,6252.970000000001,0.27
29,2024-01-02,North,Electronics,56,351.97,11809.43,19710.32,7900.889999999999,0.4
30,2024-01-02,East,Home Decor,70,397.89,15215.17,27852.3,12637.13,0.45
31,2024-01-02,South,Fashion,92,240.07,15637.85,22086.44,6448.589999999998,0.29
32,2024-01-02,West,Fashion,95,393.61,20758.85,37392.950000000004,16634.100000000006,0.44
33,2024-01-03,West,Home Decor,65,223.98,9326.55,14558.699999999999,5232.15,0.36
34,2024-01-03,West,Electronics,54,493.39,16473.38,26643.059999999998,10169.679999999997,0.38
35,2024-01-03,East,Home Decor,40,296.26,5929.61,11850.4,5920.79,0.5
36,2024-01-03,East,Home Decor,25,307.31,6879.2,7682.75,803.5500000000002,0.1
37,2024-01-03,South,Electronics,37,189.5,3582.18,7011.5,3429.32,0.49
38,2024-01-03,South,Electronics,89,264.19,18378.47,23512.91,5134.439999999999,0.22
39,2024-01-03,South,Electronics,17,317.21,4785.74,5392.57,606.8299999999999,0.11
40,2024-01-03,North,Home Decor,73,75.97,3464.58,5545.8099999999995,2081.2299999999996,0.38
41,2024-01-03,East,Electronics,51,249.74,8805.34,12736.74,3931.3999999999996,0.31
42,2024-01-03,East,Home Decor,19,254.69,3834.28,4839.11,1004.8299999999995,0.21
43,2024-01-03,North,Fashion,39,328.88,11243.72,12826.32,1582.6000000000004,0.12
44,2024-01-03,East,Home Decor,96,274.21,14132.58,26324.159999999996,12191.579999999996,0.46
45,2024-01-03,North,Fashion,74,233.65,11390.36,17290.100000000002,5899.740000000002,0.34
46,2024-01-03,West,Fashion,24,170.42,3243.25,4090.08,846.8299999999999,0.21
47,2024-01-04,South,Electronics,34,223.16,3939.68,7587.44,3647.7599999999998,0.48
48,2024-01-04,South,Home Decor,43,421.98,13352.31,18145.14,4792.83,0.26
49,2024-01-04,North,Electronics,56,401.91,13052.61,22506.960000000003,9454.350000000002,0.42
50,2024-01-04,South,Electronics,55,314.83,10168.96,17315.649999999998,7146.689999999999,0.41
51,2024-01-04,South,Home Decor,54,77.28,3094.45,4173.12,1078.67,0.26
52,2024-01-04,East,Electronics,91,298.43,14072.31,27157.13,13084.820000000002,0.48
53,2024-01-04,West,Home Decor,39,125.65,3419.51,4900.35,1480.8400000000001,0.3
54,2024-01-04,West,Home Decor,29,389.22,7539.29,11287.380000000001,3748.090000000001,0.33
55,2024-01-04,West,Fashion,56,432.13,15305.04,24199.28,8894.239999999998,0.37
56,2024-01-04,East,Fashion,21,232.71,3940.75,4886.91,946.1599999999999,0.19
57,2024-01-04,West,Electronics,20,331.34,5042.29,6626.799999999999,1584.5099999999993,0.24
58,2024-01-04,East,Fashion,72,140.48,7180.93,10114.56,2933.629999999999,0.29
59,2024-01-04,North,Home Decor,64,88.4,3256.83,5657.6,2400.7700000000004,0.42
60,2024-01-05,East,Electronics,71,112.3,5380.55,7973.3,2592.75,0.33
61,2024-01-05,West,Fashion,48,181.01,7766.97,8688.48,921.5099999999993,0.11
62,2024-01-05,North,Electronics,16,218.52,2251.34,3496.32,1244.98,0.36
63,2024-01-05,North,Home Decor,87,327.75,17605.09,28514.25,10909.16,0.38
64,2024-01-05,North,Electronics,28,472.29,7508.68,13224.12,5715.4400000000005,0.43
65,2024-01-05,West,Home Decor,16,431.24,4726.09,6899.84,2173.75,0.32
66,2024-01-05,East,Home Decor,68,322.48,13700.24,21928.64,8228.4,0.38
67,2024-01-05,West,Home Decor,27,289.96,4801.83,7828.919999999999,3027.0899999999992,0.39
68,2024-01-05,West,Electronics,26,466.05,8929.49,12117.300000000001,3187.8100000000013,0.26
69,2024-01-05,South,Fashion,28,207.0,3422.04,5796.0,2373.96,0.41
70,2024-01-05,North,Fashion,77,402.7,25703.55,31007.899999999998,5304.3499999999985,0.17
71,2024-01-05,South,Electronics,71,106.86,4875.66,7587.06,2711.4000000000005,0.36
72,2024-01-05,East,Home Decor,57,370.96,15367.08,21144.719999999998,5777.639999999998,0.27
73,2024-01-06,North,Home Decor,27,350.09,7356.35,9452.429999999998,2096.079999999998,0.22
74,2024-01-06,West,Electronics,92,477.14,34665.06,43896.88,9231.82,0.21
75,2024-01-06,North,Home Decor,24,131.14,2305.65,3147.3599999999997,841.7099999999996,0.27
76,2024-01-06,West,Fashion,14,321.37,2686.15,4499.18,1813.0300000000002,0.4
77,2024-01-06,North,Electronics,41,495.15,15139.79,20301.149999999998,5161.359999999997,0.25
78,2024-01-06,West,Fashion,47,210.13,5377.1,9876.11,4499.01,0.46
79,2024-01-06,North,Electronics,60,355.54,16435.38,21332.4,4897.02,0.23
80,2024-01-06,East,Electronics,64,348.89,11384.36,22328.96,10944.599999999999,0.49
81,2024-01-06,South,Electronics,69,209.16,12016.35,14432.039999999999,2415.6899999999987,0.17
82,2024-01-06,East,Home Decor,25,143.27,2923.7,3581.7500000000005,658.0500000000006,0.18
83,2024-01-06,North,Electronics,46,421.99,14990.04,19411.54,4421.5,0.23
84,2024-01-06,North,Fashion,78,391.33,25931.44,30523.739999999998,4592.299999999999,0.15
85,2024-01-07,North,Home Decor,38,460.03,14228.04,17481.14,3253.0999999999985,0.19
86,2024-01-07,East,Home Decor,63,254.11,9943.66,16008.93,6065.27,0.38
87,2024-01-07,North,Home Decor,53,242.38,10277.06,12846.14,2569.08,0.2
88,2024-01-07,North,Electronics,64,335.49,13963.3,21471.36,7508.060000000001,0.35
89,2024-01-07,South,Fashion,25,301.54,4438.01,7538.500000000001,3100.4900000000007,0.41
90,2024-01-07,South,Fashion,33,454.75,8694.86,15006.75,6311.889999999999,0.42
91,2024-01-07,East,Fashion,73,403.86,26470.91,29481.780000000002,3010.8700000000026,0.1
92,2024-01-07,North,Home Decor,13,246.87,2739.92,3209.31,469.3899999999999,0.15
93,2024-01-08,East,Home Decor,93,306.79,19237.57,28531.47,9293.900000000001,0.33
94,2024-01-08,North,Electronics,31,460.18,12057.32,14265.58,2208.26,0.15
95,2024-01-08,South,Electronics,14,354.01,4162.23,4956.139999999999,793.9099999999999,0.16
96,2024-01-08,West,Home Decor,10,448.06,3484.15,4480.6,996.4500000000003,0.22
97,2024-01-08,East,Home Decor,57,54.54,1822.0,3108.7799999999997,1286.7799999999997,0.41
98,2024-01-08,South,Electronics,54,451.27,12724.45,24368.579999999998,11644.129999999997,0.48
99,2024-01-08,North,Home Decor,90,74.48,5738.31,6703.200000000001,964.8900000000003,0.14
100,2024-01-08,North,Fashion,39,106.58,3401.79,4156.62,754.8299999999999,0.18
101,2024-01-08,West,Home Decor,48,188.98,4718.97,9071.039999999999,4352.069999999999,0.48
102,2024-01-08,North,Fashion,91,470.75,38143.74,42838.25,4694.510000000002,0.11
103,2024-01-08,North,Electronics,22,172.15,2831.91,3787.3,955.3900000000003,0.25
104,2024-01-08,South,Fashion,43,494.03,13683.87,21243.289999999997,7559.419999999996,0.36
105,2024-01-08,North,Electronics,27,419.27,8467.43,11320.289999999999,2852.8599999999988,0.25
106,2024-01-08,North,Fashion,37,178.48,3731.22,6603.759999999999,2872.5399999999995,0.43
107,2024-01-08,East,Home Decor,21,257.83,3308.96,5414.429999999999,2105.4699999999993,0.39
108,2024-01-09,North,Electronics,78,382.56,23013.72,29839.68,6825.959999999999,0.23
109,2024-01-09,South,Fashion,64,442.69,20655.76,28332.16,7676.4000000000015,0.27
110,2024-01-09,East,Electronics,60,295.03,12520.67,17701.8,5181.129999999999,0.29
111,2024-01-09,East,Home Decor,66,267.13,8859.42,17630.579999999998,8771.159999999998,0.5
112,2024-01-09,North,Fashion,58,148.6,7010.53,8618.8,1608.2699999999995,0.19
113,2024-01-09,North,Home Decor,55,193.37,6625.95,10635.35,4009.4000000000005,0.38
114,2024-01-09,West,Home Decor,19,287.27,4598.22,5458.129999999999,859.909999999999,0.16
115,2024-01-09,North,Home Decor,60,55.17,2120.92,3310.2000000000003,1189.2800000000002,0.36
116,2024-01-09,East,Electronics,69,441.39,20933.32,30455.91,9522.59,0.31
117,2024-01-09,West,Fashion,86,288.45,18472.52,24806.7,6334.18,0.26
118,2024-01-09,East,Fashion,65,319.48,14977.51,20766.2,5788.6900000000005,0.28
119,2024-01-09,East,Electronics,88,105.45,5203.58,9279.6,4076.0200000000004,0.44
120,2024-01-09,West,Fashion,43,469.55,13311.94,20190.65,6878.710000000001,0.34
121,2024-01-10,East,Home Decor,33,281.39,6318.82,9285.869999999999,2967.0499999999993,0.32
122,2024-01-10,East,Home Decor,71,325.52,11725.94,23111.92,11385.979999999998,0.49
123,2024-01-10,North,Home Decor,95,50.91,2428.68,4836.45,2407.77,0.5
124,2024-01-10,North,Electronics,19,394.32,3866.78,7492.08,3625.2999999999997,0.48
125,2024-01-10,South,Electronics,76,275.71,11570.81,20953.96,9383.15,0.45
126,2024-01-10,North,Electronics,54,222.48,6399.42,12013.92,5614.5,0.47
127,2024-01-10,North,Home Decor,65,378.16,15387.43,24580.4,9192.970000000001,0.37
128,2024-01-10,South,Home Decor,41,70.23,1919.15,2879.4300000000003,960.2800000000002,0.33
129,2024-01-11,West,Home Decor,34,135.83,2414.62,4618.22,2203.6000000000004,0.48
130,2024-01-11,East,Electronics,37,480.34,15570.08,17772.579999999998,2202.499999999998,0.12
131,2024-01-11,South,Fashion,74,220.65,14615.28,16328.1,1712.8199999999997,0.1
132,2024-01-11,West,Electronics,83,296.77,13717.56,24631.91,10914.35,0.44
133,2024-01-11,South,Electronics,69,272.6,9530.77,18809.4,9278.630000000001,0.49
134,2024-01-12,East,Home Decor,59,230.42,6955.93,13594.779999999999,6638.8499999999985,0.49
135,2024-01-12,West,Electronics,39,128.41,4278.65,5007.99,729.3400000000001,0.15
136,2024-01-12,West,Electronics,52,370.83,10706.13,19283.16,8577.03,0.44
137,2024-01-12,North,Electronics,12,252.55,2438.63,3030.6000000000004,591.9700000000003,0.2
138,2024-01-12,South,Fashion,33,226.76,4460.13,7483.08,3022.95,0.4
139,2024-01-12,South,Fashion,97,310.48,22620.49,30116.56,7496.07,0.25
140,2024-01-12,West,Electronics,23,402.79,7653.23,9264.17,1610.9400000000005,0.17
141,2024-01-12,North,Fashion,94,379.09,20634.34,35634.46,15000.119999999999,0.42
142,2024-01-12,South,Home Decor,50,321.48,12602.87,16074.0,3471.129999999999,0.22
143,2024-01-12,North,Home Decor,96,481.32,38251.95,46206.72,7954.770000000004,0.17
144,2024-01-12,East,Fashion,85,296.09,14253.96,25167.649999999998,10913.689999999999,0.43
145,2024-01-12,South,Electronics,15,142.8,1767.95,2142.0,374.04999999999995,0.17
146,2024-01-12,East,Home Decor,76,149.22,6502.55,11340.72,4838.169999999999,0.43
147,2024-01-12,North,Electronics,90,197.17,12299.01,17745.3,5446.289999999999,0.31
148,2024-01-13,North,Fashion,92,425.14,24605.55,39112.88,14507.329999999998,0.37
149,2024-01-13,East,Electronics,35,327.34,9141.4,11456.9,2315.5,0.2
150,2024-01-13,West,Electronics,63,153.13,7108.11,9647.19,2539.080000000001,0.26
151,2024-01-13,South,Fashion,77,70.05,4168.7,5393.849999999999,1225.1499999999996,0.23
152,2024-01-13,West,Fashion,45,335.59,13034.06,15101.55,2067.49,0.14
153,2024-01-13,East,Electronics,34,200.12,4655.81,6804.08,2148.2699999999995,0.32
154,2024-01-13,East,Fashion,61,285.24,15184.3,17399.64,2215.34,0.13
155,2024-01-13,East,Electronics,39,221.65,4687.28,8644.35,3957.0700000000006,0.46
156,2024-01-13,South,Electronics,32,491.77,11382.96,15736.64,4353.68,0.28
157,2024-01-13,East,Fashion,28,218.08,4959.12,6106.240000000001,1147.1200000000008,0.19
158,2024-01-13,North,Fashion,42,429.48,11980.92,18038.16,6057.24,0.34
159,2024-01-14,South,Home Decor,31,175.31,4330.94,5434.61,1103.67,0.2
160,2024-01-14,East,Electronics,42,212.98,5365.32,8945.16,3579.84,0.4
161,2024-01-14,North,Electronics,28,228.07,3725.31,6385.96,2660.65,0.42
162,2024-01-14,East,Home Decor,50,53.58,2260.6,2679.0,418.4000000000001,0.16
163,2024-01-14,East,Fashion,11,478.15,4703.82,5259.65,555.8299999999999,0.11
164,2024-01-14,North,Home Decor,95,358.43,18762.97,34050.85,15287.879999999997,0.45
165,2024-01-14,East,Electronics,69,217.02,11500.52,14974.380000000001,3473.8600000000006,0.23
166,2024-01-14,West,Fashion,82,103.32,5209.84,8472.24,3262.3999999999996,0.39
167,2024-01-14,South,Electronics,56,64.14,2321.6,3591.84,1270.2400000000002,0.35
168,2024-01-14,East,Electronics,64,174.31,6691.09,11155.84,4464.75,0.4
169,2024-01-14,West,Electronics,68,414.62,14764.46,28194.16,13429.7,0.48
170,2024-01-15,North,Electronics,67,312.47,15146.96,20935.49,5788.5300000000025,0.28
171,2024-01-15,West,Fashion,89,479.09,27286.48,42639.009999999995,15352.529999999995,0.36
172,2024-01-15,East,Fashion,54,171.04,7521.24,9236.16,1714.92,0.19
173,2024-01-15,West,Fashion,39,237.27,4828.37,9253.53,4425.160000000001,0.48
174,2024-01-15,East,Electronics,90,399.42,17976.58,35947.8,17971.22,0.5
175,2024-01-15,West,Fashion,93,360.54,27796.48,33530.22,5733.740000000002,0.17
176,2024-01-15,West,Home Decor,25,123.75,2484.24,3093.75,609.5100000000002,0.2
177,2024-01-15,West,Electronics,81,478.61,29661.66,38767.41,9105.750000000004,0.23
178,2024-01-15,North,Fashion,18,225.81,2581.06,4064.58,1483.52,0.36
179,2024-01-15,North,Fashion,28,215.48,4238.69,6033.44,1794.75,0.3
180,2024-01-15,East,Electronics,79,198.61,12548.55,15690.19,3141.6400000000012,0.2
181,2024-01-16,North,Electronics,68,280.72,14730.56,19088.960000000003,4358.400000000003,0.23
182,2024-01-16,East,Electronics,79,267.02,15833.23,21094.579999999998,5261.3499999999985,0.25
183,2024-01-16,North,Electronics,51,196.85,7154.69,10039.35,2884.6600000000008,0.29
184,2024-01-16,East,Home Decor,63,482.52,17264.95,30398.76,13133.809999999998,0.43
185,2024-01-16,South,Electronics,87,142.0,9464.97,12354.0,2889.0300000000007,0.23
186,2024-01-16,South,Fashion,28,142.43,2864.34,3988.04,1123.6999999999998,0.28
187,2024-01-16,South,Fashion,64,448.53,19581.84,28705.92,9124.079999999998,0.32
188,2024-01-16,West,Fashion,45,114.77,3664.01,5164.65,1500.6399999999994,0.29
189,2024-01-16,South,Fashion,62,366.71,13985.67,22736.02,8750.35,0.38
190,2024-01-16,East,Fashion,73,218.1,9559.66,15921.3,6361.639999999999,0.4
191,2024-01-16,North,Electronics,71,144.51,6730.29,10260.21,3529.919999999999,0.34
192,2024-01-16,North,Fashion,58,388.69,13638.87,22544.02,8905.15,0.4
193,2024-01-16,West,Fashion,73,403.94,15520.06,29487.62,13967.56,0.47
194,2024-01-17,North,Fashion,76,68.89,3727.71,5235.64,1507.9300000000003,0.29
195,2024-01-17,North,Electronics,48,452.59,12075.24,21724.32,9649.08,0.44
196,2024-01-17,North,Electronics,67,297.19,12855.91,19911.73,7055.82,0.35
197,2024-01-17,West,Electronics,39,92.71,3004.64,3615.6899999999996,611.0499999999997,0.17
198,2024-01-17,South,Electronics,34,380.07,9227.37,12922.38,3695.0099999999984,0.29
199,2024-01-17,North,Home Decor,38,386.7,10538.96,14694.6,4155.640000000001,0.28
200,2024-01-17,West,Fashion,70,170.98,6609.07,11968.599999999999,5359.529999999999,0.45
201,2024-01-17,North,Home Decor,28,73.36,1707.75,2054.08,346.3299999999999,0.17
202,2024-01-17,East,Electronics,26,92.45,1636.02,2403.7000000000003,767.6800000000003,0.32
203,2024-01-17,North,Electronics,20,246.39,3625.31,4927.799999999999,1302.4899999999993,0.26
204,2024-01-17,South,Fashion,22,414.2,6108.73,9112.4,3003.67,0.33
205,2024-01-17,East,Home Decor,21,65.75,1046.55,1380.75,334.20000000000005,0.24
206,2024-01-17,East,Home Decor,54,183.17,8239.03,9891.179999999998,1652.1499999999978,0.17
207,2024-01-17,North,Electronics,33,409.87,7581.82,13525.710000000001,5943.890000000001,0.44
208,2024-01-17,North,Home Decor,97,398.44,33323.49,38648.68,5325.190000000002,0.14
209,2024-01-17,West,Home Decor,17,462.05,4966.03,7854.85,2888.8200000000006,0.37
210,2024-01-18,East,Home Decor,54,359.62,14770.58,19419.48,4648.9,0.24
211,2024-01-18,East,Electronics,69,421.15,19158.57,29059.35,9900.779999999999,0.34
212,2024-01-18,East,Electronics,39,133.71,4198.65,5214.6900000000005,1016.0400000000009,0.19
213,2024-01-18,South,Fashion,12,394.16,4145.39,4729.92,584.5299999999997,0.12
214,2024-01-18,North,Fashion,45,357.55,10087.02,16089.75,6002.73,0.37
215,2024-01-18,West,Fashion,65,207.48,10403.21,13486.199999999999,3082.99,0.23
216,2024-01-18,North,Fashion,68,384.14,20025.98,26121.52,6095.540000000001,0.23
217,2024-01-18,South,Electronics,73,459.6,24680.24,33550.8,8870.560000000001,0.26
218,2024-01-18,East,Electronics,39,411.58,9724.17,16051.619999999999,6327.449999999999,0.39
219,2024-01-19,North,Fashion,95,237.02,13275.81,22516.9,9241.090000000002,0.41
220,2024-01-19,East,Fashion,20,142.01,2226.85,2840.2,613.3499999999999,0.22
221,2024-01-19,East,Electronics,48,186.63,7012.57,8958.24,1945.67,0.22
222,2024-01-19,East,Fashion,56,438.34,14942.14,24547.039999999997,9604.899999999998,0.39
223,2024-01-19,North,Electronics,66,290.76,10732.81,19190.16,8457.35,0.44
224,2024-01-19,East,Fashion,93,403.19,28593.25,37496.67,8903.419999999998,0.24
225,2024-01-19,South,Home Decor,29,496.6,9113.84,14401.400000000001,5287.560000000001,0.37
226,2024-01-19,West,Home Decor,97,401.45,20014.55,38940.65,18926.100000000002,0.49
227,2024-01-19,West,Fashion,79,280.24,12085.69,22138.96,10053.269999999999,0.45
228,2024-01-19,East,Home Decor,36,491.2,12373.31,17683.2,5309.890000000001,0.3
229,2024-01-19,South,Electronics,27,236.39,4582.08,6382.53,1800.4499999999998,0.28
230,2024-01-19,East,Electronics,34,236.51,6874.12,8041.34,1167.2200000000003,0.15
231,2024-01-19,South,Home Decor,57,145.89,5701.49,8315.73,2614.24,0.31
232,2024-01-19,West,Home Decor,57,275.04,13003.4,15677.28,2673.880000000001,0.17
233,2024-01-19,East,Home Decor,79,402.99,16891.53,31836.21,14944.68,0.47
234,2024-01-20,North,Electronics,26,51.41,1100.19,1336.6599999999999,236.4699999999998,0.18
235,2024-01-20,East,Fashion,28,103.29,2256.35,2892.1200000000003,635.7700000000004,0.22
236,2024-01-20,North,Fashion,11,280.53,1674.17,3085.83,1411.6599999999999,0.46
237,2024-01-20,West,Home Decor,33,64.76,1292.8,2137.0800000000004,844.2800000000004,0.4
238,2024-01-20,South,Electronics,41,141.61,4996.84,5806.01,809.1700000000001,0.14
239,2024-01-20,West,Home Decor,24,431.27,6165.34,10350.48,4185.139999999999,0.4
240,2024-01-20,North,Electronics,41,249.96,6148.08,10248.36,4100.280000000001,0.4
241,2024-01-20,South,Home Decor,37,293.33,5816.96,10853.21,5036.249999999999,0.46
242,2024-01-21,West,Electronics,64,337.25,11762.11,21584.0,9821.89,0.46
243,2024-01-21,West,Electronics,31,199.87,3726.59,6195.97,2469.38,0.4
244,2024-01-21,West,Fashion,10,375.41,2699.16,3754.1000000000004,1054.9400000000005,0.28
245,2024-01-21,East,Electronics,37,499.79,16625.42,18492.23,1866.8100000000013,0.1
246,2024-01-21,East,Home Decor,47,207.59,7289.96,9756.73,2466.7699999999995,0.25
247,2024-01-21,West,Home Decor,90,473.2,25600.47,42588.0,16987.53,0.4
248,2024-01-21,West,Home Decor,13,396.85,4040.82,5159.05,1118.23,0.22
249,2024-01-21,West,Electronics,35,468.58,10670.23,16400.3,5730.07,0.35
250,2024-01-21,South,Home Decor,55,298.34,9868.93,16408.699999999997,6539.769999999997,0.4
251,2024-01-21,North,Electronics,26,52.41,948.63,1362.6599999999999,414.02999999999986,0.3
252,2024-01-21,East,Home Decor,48,475.3,18851.72,22814.4,3962.6800000000003,0.17
253,2024-01-22,East,Electronics,25,391.58,8251.34,9789.5,1538.1599999999999,0.16
254,2024-01-22,South,Fashion,30,164.4,2859.58,4932.0,2072.42,0.42
255,2024-01-22,South,Electronics,79,458.24,18465.93,36200.96,17735.03,0.49
256,2024-01-22,West,Fashion,43,187.72,4440.79,8071.96,3631.17,0.45
257,2024-01-22,North,Electronics,35,270.84,5967.21,9479.4,3512.1899999999996,0.37
258,2024-01-22,North,Electronics,79,81.2,4715.38,6414.8,1699.42,0.26
259,2024-01-22,North,Electronics,30,470.88,10156.4,14126.4,3970.0,0.28
260,2024-01-22,South,Electronics,23,383.07,5388.35,8810.61,3422.26,0.39
261,2024-01-23,East,Fashion,51,358.57,14269.22,18287.07,4017.8500000000004,0.22
262,2024-01-23,South,Electronics,83,303.15,21756.86,25161.449999999997,3404.5899999999965,0.14
263,2024-01-23,North,Fashion,91,439.34,27969.5,39979.939999999995,12010.439999999995,0.3
264,2024-01-23,East,Home Decor,74,206.13,7773.92,15253.619999999999,7479.699999999999,0.49
265,2024-01-23,East,Fashion,81,181.17,12252.04,14674.769999999999,2422.7299999999977,0.17
266,2024-01-23,East,Home Decor,11,162.29,1439.46,1785.1899999999998,345.7299999999998,0.19
267,2024-01-23,East,Electronics,45,259.62,10178.38,11682.9,1504.5200000000004,0.13
268,2024-01-23,South,Home Decor,92,461.63,24107.0,42469.96,18362.96,0.43
269,2024-01-23,East,Home Decor,68,287.93,14687.01,19579.24,4892.230000000001,0.25
270,2024-01-23,North,Home Decor,65,360.5,19806.42,23432.5,3626.0800000000017,0.15
271,2024-01-23,North,Home Decor,58,282.39,8763.54,16378.619999999999,7615.079999999998,0.46
272,2024-01-23,West,Electronics,43,120.8,4564.33,5194.4,630.0699999999997,0.12
273,2024-01-23,South,Electronics,34,244.12,7135.61,8300.08,1164.4700000000003,0.14
274,2024-01-23,South,Fashion,69,311.99,18627.43,21527.31,2899.880000000001,0.13
275,2024-01-24,North,Home Decor,70,55.86,3320.71,3910.2,589.4899999999998,0.15
276,2024-01-24,West,Home Decor,33,141.55,3957.71,4671.150000000001,713.4400000000005,0.15
277,2024-01-24,East,Home Decor,85,455.62,31166.25,38727.7,7561.449999999997,0.2
278,2024-01-24,East,Electronics,84,439.95,23469.14,36955.799999999996,13486.659999999996,0.36
279,2024-01-24,West,Fashion,59,72.72,3261.49,4290.48,1028.9899999999998,0.24
280,2024-01-24,North,Home Decor,53,108.47,3657.56,5748.91,2091.35,0.36
281,2024-01-24,North,Fashion,42,73.35,2057.91,3080.7,1022.79,0.33
282,2024-01-24,East,Fashion,95,177.49,10628.33,16861.55,6233.219999999999,0.37
283,2024-01-24,West,Fashion,29,472.84,12324.17,13712.359999999999,1388.1899999999987,0.1
284,2024-01-24,West,Electronics,92,120.01,6320.58,11040.92,4720.34,0.43
285,2024-01-24,North,Fashion,23,83.67,1444.82,1924.41,479.59000000000015,0.25
286,2024-01-24,West,Home Decor,44,327.16,7734.14,14395.04,6660.900000000001,0.46
287,2024-01-24,West,Home Decor,10,494.45,4257.62,4944.5,686.8800000000001,0.14
288,2024-01-24,West,Fashion,59,148.91,6491.9,8785.69,2293.790000000001,0.26
289,2024-01-24,South,Electronics,81,445.77,24764.07,36107.369999999995,11343.299999999996,0.31
290,2024-01-24,South,Fashion,72,281.23,11602.09,20248.56,8646.470000000001,0.43
291,2024-01-24,North,Electronics,50,336.22,10510.57,16811.0,6300.43,0.37
292,2024-01-25,West,Fashion,39,360.81,8137.63,14071.59,5933.96,0.42
293,2024-01-25,North,Fashion,28,153.86,3359.16,4308.08,948.9200000000001,0.22
294,2024-01-25,West,Fashion,24,408.9,5670.09,9813.599999999999,4143.509999999998,0.42
295,2024-01-25,East,Electronics,51,208.67,8645.55,10642.17,1996.6200000000008,0.19
296,2024-01-25,West,Fashion,20,86.1,1310.77,1722.0,411.23,0.24
297,2024-01-25,South,Electronics,48,250.87,8441.23,12041.76,3600.5300000000007,0.3
298,2024-01-25,South,Electronics,29,55.17,851.83,1599.93,748.1,0.47
299,2024-01-25,South,Electronics,56,417.38,13708.43,23373.28,9664.849999999999,0.41
300,2024-01-25,South,Home Decor,72,493.81,22086.59,35554.32,13467.73,0.38
301,2024-01-25,North,Electronics,99,104.91,6355.84,10386.09,4030.25,0.39
302,2024-01-26,East,Fashion,78,401.98,17332.3,31354.440000000002,14022.140000000003,0.45
303,2024-01-26,North,Home Decor,39,301.07,6644.07,11741.73,5097.66,0.43
304,2024-01-26,South,Fashion,70,360.4,18700.93,25228.0,6527.07,0.26
305,2024-01-26,South,Fashion,48,172.11,6129.34,8261.28,2131.9400000000005,0.26
306,2024-01-26,East,Home Decor,31,77.27,1613.57,2395.37,781.8,0.33
307,2024-01-26,North,Home Decor,29,429.05,8182.83,12442.45,4259.620000000001,0.34
308,2024-01-26,West,Fashion,36,265.32,6047.19,9551.52,3504.330000000001,0.37
309,2024-01-26,West,Fashion,12,109.18,997.49,1310.16,312.6700000000001,0.24
310,2024-01-26,South,Fashion,30,63.28,1063.63,1898.4,834.77,0.44
311,2024-01-26,East,Electronics,81,99.53,4250.16,8061.93,3811.7700000000004,0.47
312,2024-01-26,East,Electronics,82,473.35,24355.29,38814.700000000004,14459.410000000003,0.37
313,2024-01-26,South,Home Decor,91,437.47,29654.71,39809.770000000004,10155.060000000005,0.26
314,2024-01-27,North,Electronics,97,285.14,23738.78,27658.579999999998,3919.7999999999993,0.14
315,2024-01-27,East,Fashion,91,346.6,17015.99,31540.600000000002,14524.61,0.46
316,2024-01-27,North,Fashion,62,249.38,11631.53,15461.56,3830.029999999999,0.25
317,2024-01-27,South,Electronics,60,394.12,14790.91,23647.2,8856.29,0.37
318,2024-01-27,West,Home Decor,10,84.94,695.32,849.4,154.07999999999993,0.18
319,2024-01-27,North,Fashion,41,176.4,4351.77,7232.400000000001,2880.63,0.4
320,2024-01-27,West,Electronics,23,491.74,8899.27,11310.02,2410.75,0.21
321,2024-01-27,South,Electronics,65,57.72,3359.42,3751.7999999999997,392.37999999999965,0.1
322,2024-01-27,North,Home Decor,13,201.63,2128.6,2621.19,492.59000000000015,0.19
323,2024-01-27,East,Electronics,43,106.41,3119.49,4575.63,1456.1400000000003,0.32
324,2024-01-27,East,Fashion,27,71.9,1743.78,1941.3000000000002,197.5200000000002,0.1
325,2024-01-28,North,Fashion,62,234.38,9379.51,14531.56,5152.049999999999,0.35
326,2024-01-28,East,Electronics,22,141.87,2520.53,3121.1400000000003,600.6100000000001,0.19
327,2024-01-28,East,Home Decor,47,107.32,3121.98,5044.04,1922.06,0.38
328,2024-01-28,South,Fashion,50,425.21,12321.0,21260.5,8939.5,0.42
329,2024-01-28,East,Fashion,22,315.6,4538.19,6943.200000000001,2405.010000000001,0.35
330,2024-01-28,South,Fashion,10,118.55,807.47,1185.5,378.03,0.32
331,2024-01-28,South,Electronics,80,302.39,20543.35,24191.199999999997,3647.8499999999985,0.15
332,2024-01-28,North,Home Decor,57,256.37,7925.28,14613.09,6687.81,0.46
333,2024-01-28,North,Fashion,24,477.08,8397.85,11449.92,3052.0699999999997,0.27
334,2024-01-28,North,Electronics,36,149.22,3673.64,5371.92,1698.2800000000002,0.32
335,2024-01-29,East,Home Decor,18,80.75,840.13,1453.5,613.37,0.42
336,2024-01-29,North,Electronics,80,318.69,21288.81,25495.2,4206.389999999999,0.16
337,2024-01-29,East,Fashion,85,284.72,17435.04,24201.2,6766.16,0.28
338,2024-01-29,West,Fashion,72,295.51,18117.29,21276.72,3159.4300000000003,0.15
339,2024-01-29,East,Fashion,85,498.32,34834.2,42357.2,7523.0,0.18
340,2024-01-29,West,Fashion,60,222.16,9861.92,13329.6,3467.6800000000003,0.26
341,2024-01-29,West,Home Decor,10,243.04,2092.83,2430.4,337.57000000000016,0.14
342,2024-01-29,South,Fashion,66,273.79,12546.59,18070.140000000003,5523.550000000003,0.31
343,2024-01-30,East,Fashion,68,232.59,9117.25,15816.12,6698.870000000001,0.42
344,2024-01-30,North,Fashion,46,367.99,14664.59,16927.54,2262.9500000000007,0.13
345,2024-01-30,North,Electronics,96,398.15,26364.82,38222.399999999994,11857.579999999994,0.31
346,2024-01-30,North,Home Decor,13,471.34,4507.17,6127.42,1620.25,0.26
347,2024-01-30,North,Electronics,87,491.92,22173.91,42797.04,20623.13,0.48
348,2024-01-30,East,Fashion,59,266.84,10656.83,15743.559999999998,5086.729999999998,0.32
349,2024-01-30,North,Fashion,30,420.95,6887.79,12628.5,5740.71,0.45
350,2024-01-30,East,Fashion,70,436.92,26232.42,30584.4,4351.980000000003,0.14
351,2024-01-30,South,Fashion,35,453.95,10555.25,15888.25,5333.0,0.34
352,2024-01-30,East,Fashion,10,324.33,2686.01,3243.2999999999997,557.2899999999995,0.17
353,2024-01-31,West,Fashion,12,373.62,3967.42,4483.4400000000005,516.0200000000004,0.12
354,2024-01-31,South,Home Decor,39,383.28,10602.34,14947.919999999998,4345.579999999998,0.29
355,2024-01-31,East,Fashion,50,325.1,12119.59,16255.000000000002,4135.410000000002,0.25
356,2024-01-31,West,Home Decor,43,124.71,3229.84,5362.53,2132.6899999999996,0.4
357,2024-02-01,East,Electronics,78,471.32,28695.45,36762.96,8067.509999999998,0.22
358,2024-02-01,North,Home Decor,72,445.7,25788.96,32090.399999999998,6301.439999999999,0.2
359,2024-02-01,South,Fashion,66,281.61,15497.9,18586.260000000002,3088.3600000000024,0.17
360,2024-02-01,South,Home Decor,78,450.0,20640.05,35100.0,14459.95,0.41
361,2024-02-01,East,Home Decor,59,379.46,16220.26,22388.14,6167.879999999999,0.28
362,2024-02-01,West,Electronics,23,197.4,3704.83,4540.2,835.3699999999999,0.18
363,2024-02-01,West,Electronics,97,251.97,14517.95,24441.09,9923.14,0.41
364,2024-02-01,East,Electronics,59,237.04,12306.56,13985.359999999999,1678.7999999999993,0.12
365,2024-02-01,South,Electronics,59,437.68,17512.07,25823.12,8311.05,0.32
366,2024-02-01,East,Electronics,11,413.64,3289.33,4550.04,1260.71,0.28
367,2024-02-01,East,Fashion,94,113.98,5398.57,10714.12,5315.550000000001,0.5
368,2024-02-01,North,Electronics,29,462.47,6928.06,13411.630000000001,6483.570000000001,0.48
369,2024-02-02,East,Home Decor,55,76.87,2691.32,4227.85,1536.5300000000002,0.36
370,2024-02-02,East,Fashion,70,146.6,5245.29,10262.0,5016.71,0.49
371,2024-02-02,West,Fashion,53,131.78,5148.22,6984.34,1836.12,0.26
372,2024-02-02,East,Home Decor,82,382.73,17278.53,31383.86,14105.330000000002,0.45
373,2024-02-02,North,Fashion,95,488.47,24019.8,46404.65,22384.850000000002,0.48
374,2024-02-02,South,Home Decor,32,351.19,8830.5,11238.08,2407.58,0.21
375,2024-02-02,South,Fashion,20,296.61,3319.99,5932.200000000001,2612.210000000001,0.44
376,2024-02-02,South,Electronics,94,182.86,8939.67,17188.84,8249.17,0.48
377,2024-02-02,South,Home Decor,17,286.59,4275.55,4872.03,596.4799999999996,0.12
378,2024-02-02,West,Home Decor,46,429.91,11723.57,19775.86,8052.290000000001,0.41
379,2024-02-02,West,Electronics,77,216.27,10371.17,16652.79,6281.620000000001,0.38
380,2024-02-02,East,Fashion,49,77.6,2560.95,3802.3999999999996,1241.4499999999998,0.33
381,2024-02-02,West,Home Decor,12,289.41,2803.52,3472.92,669.4000000000001,0.19
382,2024-02-02,North,Fashion,41,136.0,4377.93,5576.0,1198.0699999999997,0.21
383,2024-02-02,North,Electronics,13,322.77,3006.03,4196.01,1189.98,0.28
384,2024-02-02,South,Home Decor,90,496.3,38471.22,44667.0,6195.779999999999,0.14
385,2024-02-02,East,Home Decor,12,131.09,1383.21,1573.08,189.8699999999999,0.12
386,2024-02-02,North,Electronics,83,389.24,24270.5,32306.920000000002,8036.420000000002,0.25
387,2024-02-02,South,Home Decor,17,413.24,5547.72,7025.08,1477.3599999999997,0.21
388,2024-02-02,West,Electronics,84,190.39,11618.52,15992.759999999998,4374.239999999998,0.27
389,2024-02-03,West,Home Decor,63,263.03,10094.65,16570.89,6476.24,0.39
390,2024-02-03,West,Home Decor,37,490.53,14650.4,18149.61,3499.210000000001,0.19
391,2024-02-03,North,Electronics,51,313.1,10635.55,15968.1,5332.550000000001,0.33
392,2024-02-03,East,Fashion,15,440.89,3345.21,6613.349999999999,3268.1399999999994,0.49
393,2024-02-03,West,Electronics,79,427.22,28437.98,33750.380000000005,5312.400000000005,0.16
394,2024-02-03,North,Fashion,46,410.03,9890.37,18861.379999999997,8971.009999999997,0.48
395,2024-02-03,North,Electronics,29,84.72,1942.74,2456.88,514.1400000000001,0.21
396,2024-02-03,South,Electronics,28,485.27,10906.78,13587.56,2680.779999999999,0.2
397,2024-02-03,North,Home Decor,64,102.68,4279.64,6571.52,2291.88,0.35
398,2024-02-03,West,Electronics,36,220.61,5003.19,7941.960000000001,2938.7700000000013,0.37
399,2024-02-03,West,Electronics,91,383.72,17554.44,34918.520000000004,17364.080000000005,0.5
400,2024-02-04,East,Fashion,24,141.81,2445.98,3403.44,957.46,0.28
401,2024-02-04,South,Electronics,86,450.45,26004.27,38738.7,12734.429999999997,0.33
402,2024-02-04,North,Fashion,57,281.02,10389.66,16018.14,5628.48,0.35
403,2024-02-04,East,Home Decor,99,423.39,37584.82,41915.61,4330.790000000001,0.1
404,2024-02-04,South,Fashion,11,180.51,999.21,1985.61,986.3999999999999,0.5
405,2024-02-04,West,Home Decor,43,59.3,1781.76,2549.9,768.1400000000001,0.3
406,2024-02-04,South,Electronics,42,327.76,9148.14,13765.92,4617.780000000001,0.34
407,2024-02-04,West,Electronics,40,488.57,11456.0,19542.8,8086.799999999999,0.41
408,2024-02-04,East,Home Decor,79,296.13,12529.87,23394.27,10864.4,0.46
409,2024-02-04,West,Electronics,45,302.58,8295.15,13616.099999999999,5320.949999999999,0.39
410,2024-02-04,North,Home Decor,85,109.24,8065.35,9285.4,1220.0499999999993,0.13
411,2024-02-04,South,Fashion,97,249.49,18824.66,24200.530000000002,5375.870000000003,0.22
412,2024-02-05,North,Home Decor,43,281.12,6249.43,12088.16,5838.73,0.48
413,2024-02-05,East,Fashion,79,247.59,10257.88,19559.61,9301.730000000001,0.48
414,2024-02-05,South,Electronics,75,367.79,16654.14,27584.25,10930.11,0.4
415,2024-02-05,North,Home Decor,37,317.66,8765.63,11753.42,2987.790000000001,0.25
416,2024-02-05,West,Electronics,54,466.27,14414.49,25178.579999999998,10764.089999999998,0.43
417,2024-02-05,South,Home Decor,85,448.23,30576.17,38099.55,7523.380000000005,0.2
418,2024-02-05,South,Home Decor,30,329.92,7400.39,9897.6,2497.21,0.25
419,2024-02-05,West,Fashion,56,422.04,14518.04,23634.24,9116.2,0.39
420,2024-02-05,East,Home Decor,55,270.22,9188.73,14862.100000000002,5673.370000000003,0.38
421,2024-02-05,South,Electronics,30,289.21,6682.91,8676.3,1993.3899999999994,0.23
422,2024-02-05,South,Electronics,70,53.92,2135.74,3774.4,1638.6600000000003,0.43
423,2024-02-05,East,Fashion,57,260.67,12025.51,14858.19,2832.6800000000003,0.19
424,2024-02-05,North,Home Decor,30,153.61,2519.68,4608.3,2088.6200000000003,0.45
425,2024-02-06,South,Home Decor,98,463.72,33936.98,45444.560000000005,11507.580000000002,0.25
426,2024-02-06,South,Fashion,47,242.37,6271.06,11391.39,5120.329999999999,0.45
427,2024-02-06,West,Home Decor,93,288.83,14076.3,26861.19,12784.89,0.48
428,2024-02-06,East,Fashion,66,213.71,8856.4,14104.86,5248.460000000001,0.37
429,2024-02-06,East,Electronics,81,407.52,23417.51,33009.119999999995,9591.609999999997,0.29
430,2024-02-06,West,Fashion,69,334.47,17912.61,23078.43,5165.82,0.22
431,2024-02-06,West,Fashion,13,121.41,869.4,1578.33,708.93,0.45
432,2024-02-06,North,Fashion,28,420.42,6621.77,11771.76,5149.99,0.44
433,2024-02-07,North,Electronics,24,71.44,919.95,1714.56,794.6099999999999,0.46
434,2024-02-07,North,Fashion,13,353.81,3682.71,4599.53,916.8199999999997,0.2
435,2024-02-07,North,Electronics,81,447.97,22239.61,36285.57,14045.96,0.39
436,2024-02-07,North,Fashion,72,453.22,22066.61,32631.840000000004,10565.230000000003,0.32
437,2024-02-07,West,Electronics,43,257.69,9456.53,11080.67,1624.1399999999994,0.15
438,2024-02-07,South,Fashion,75,442.16,28925.79,33162.0,4236.209999999999,0.13
439,2024-02-07,West,Fashion,58,399.56,19511.11,23174.48,3663.369999999999,0.16
440,2024-02-07,East,Electronics,13,456.48,5258.23,5934.24,676.0100000000002,0.11
441,2024-02-07,East,Home Decor,28,176.86,3740.78,4952.08,1211.2999999999997,0.24
442,2024-02-07,North,Home Decor,60,168.8,9093.25,10128.0,1034.75,0.1
443,2024-02-07,East,Fashion,95,50.2,3484.18,4769.0,1284.8200000000002,0.27
444,2024-02-07,South,Electronics,30,337.56,8865.67,10126.8,1261.1299999999992,0.12
445,2024-02-08,East,Electronics,44,85.35,2215.09,3755.3999999999996,1540.3099999999995,0.41
446,2024-02-08,West,Fashion,77,312.6,20600.01,24070.2,3470.1900000000023,0.14
447,2024-02-08,North,Fashion,36,427.92,11697.02,15405.12,3708.1000000000004,0.24
448,2024-02-08,East,Home Decor,63,386.05,16672.77,24321.15,7648.380000000001,0.31
449,2024-02-08,East,Electronics,93,125.12,10200.62,11636.16,1435.539999999999,0.12
450,2024-02-08,South,Electronics,58,412.63,16647.82,23932.54,7284.720000000001,0.3
451,2024-02-08,South,Fashion,31,457.96,10312.93,14196.76,3883.83,0.27
452,2024-02-08,South,Home Decor,24,385.59,7833.8,9254.16,1420.3599999999997,0.15
453,2024-02-08,East,Fashion,43,436.53,14449.0,18770.789999999997,4321.789999999997,0.23
454,2024-02-08,West,Home Decor,56,183.55,7824.02,10278.800000000001,2454.7800000000007,0.24
455,2024-02-08,East,Electronics,75,379.59,15779.8,28469.249999999996,12689.449999999997,0.45
456,2024-02-08,South,Electronics,70,434.4,16959.26,30408.0,13448.740000000002,0.44
457,2024-02-09,East,Fashion,24,106.35,1462.78,2552.3999999999996,1089.6199999999997,0.43
458,2024-02-09,West,Electronics,23,62.38,1115.27,1434.74,319.47,0.22
459,2024-02-09,North,Fashion,20,172.17,2649.63,3443.3999999999996,793.7699999999995,0.23
460,2024-02-09,North,Electronics,71,354.89,20566.15,25197.19,4631.039999999997,0.18
461,2024-02-09,North,Home Decor,29,261.89,5682.05,7594.8099999999995,1912.7599999999993,0.25
462,2024-02-09,West,Fashion,54,101.49,3458.0,5480.46,2022.46,0.37
463,2024-02-09,North,Electronics,99,68.75,4199.5,6806.25,2606.75,0.38
464,2024-02-09,West,Fashion,54,437.59,16470.95,23629.859999999997,7158.909999999996,0.3
465,2024-02-09,East,Home Decor,88,124.39,9086.37,10946.32,1859.949999999999,0.17
466,2024-02-10,West,Home Decor,17,361.05,5298.23,6137.85,839.6200000000008,0.14
467,2024-02-10,South,Home Decor,12,296.02,1929.03,3552.24,1623.2099999999998,0.46
468,2024-02-10,North,Home Decor,39,341.5,7184.5,13318.5,6134.0,0.46
469,2024-02-10,East,Fashion,44,143.19,5516.59,6300.36,783.7699999999995,0.12
470,2024-02-10,North,Fashion,90,84.37,5678.62,7593.3,1914.6800000000003,0.25
471,2024-02-11,North,Fashion,98,414.44,25162.81,40615.12,15452.310000000001,0.38
472,2024-02-11,South,Electronics,81,303.5,16658.91,24583.5,7924.59,0.32
473,2024-02-11,West,Electronics,22,147.3,2158.91,3240.6000000000004,1081.6900000000005,0.33
474,2024-02-11,East,Electronics,26,57.23,1191.25,1487.98,296.73,0.2
475,2024-02-11,West,Home Decor,26,134.11,2897.38,3486.8600000000006,589.4800000000005,0.17
476,2024-02-11,East,Electronics,86,154.3,10708.72,13269.800000000001,2561.0800000000017,0.19
477,2024-02-11,South,Electronics,57,231.05,9838.03,13169.85,3331.8199999999997,0.25
478,2024-02-11,South,Electronics,13,108.32,1236.18,1408.1599999999999,171.9799999999998,0.12
479,2024-02-11,North,Electronics,97,421.92,28263.03,40926.24,12663.21,0.31
480,2024-02-11,East,Home Decor,41,329.41,8671.44,13505.810000000001,4834.370000000001,0.36
481,2024-02-12,South,Electronics,32,278.0,4668.21,8896.0,4227.79,0.48
482,2024-02-12,West,Electronics,56,280.73,12925.87,15720.880000000001,2795.01,0.18
483,2024-02-12,South,Fashion,44,384.27,14148.62,16907.879999999997,2759.2599999999966,0.16
484,2024-02-12,East,Fashion,91,468.77,24286.83,42658.07,18371.239999999998,0.43
485,2024-02-12,North,Electronics,14,353.42,3916.32,4947.88,1031.56,0.21
486,2024-02-13,South,Home Decor,30,438.78,9336.24,13163.4,3827.16,0.29
487,2024-02-13,North,Home Decor,44,79.94,1819.62,3517.3599999999997,1697.7399999999998,0.48
488,2024-02-13,East,Home Decor,96,368.0,22027.75,35328.0,13300.25,0.38
489,2024-02-13,East,Home Decor,85,468.86,35810.37,39853.1,4042.729999999996,0.1
490,2024-02-13,North,Fashion,86,389.12,21685.21,33464.32,11779.11,0.35
491,2024-02-13,East,Electronics,49,247.27,7986.46,12116.230000000001,4129.770000000001,0.34
492,2024-02-13,West,Fashion,94,412.14,21823.73,38741.159999999996,16917.429999999997,0.44
493,2024-02-13,South,Fashion,26,459.98,8641.71,11959.48,3317.7700000000004,0.28
494,2024-02-13,South,Home Decor,33,342.93,9753.93,11316.69,1562.7600000000002,0.14
495,2024-02-13,South,Fashion,18,332.8,4350.04,5990.400000000001,1640.3600000000006,0.27
496,2024-02-13,West,Home Decor,81,473.19,27017.14,38328.39,11311.25,0.3
497,2024-02-13,North,Fashion,21,146.28,1810.03,3071.88,1261.8500000000001,0.41
498,2024-02-14,South,Home Decor,19,141.65,1938.28,2691.35,753.0699999999999,0.28
499,2024-02-14,East,Fashion,17,374.87,3356.41,6372.79,3016.38,0.47
500,2024-02-14,North,Home Decor,60,261.18,10906.06,15670.800000000001,4764.740000000002,0.3
501,2024-02-14,West,Home Decor,17,423.19,6081.94,7194.23,1112.29,0.15
502,2024-02-14,North,Home Decor,51,131.78,4302.41,6720.78,2418.37,0.36
503,2024-02-14,South,Home Decor,35,370.75,9101.79,12976.25,3874.459999999999,0.3
504,2024-02-14,North,Home Decor,49,290.43,7614.14,14231.07,6616.929999999999,0.46
505,2024-02-14,East,Electronics,84,467.9,20363.18,39303.6,18940.42,0.48
506,2024-02-14,South,Electronics,91,296.01,16894.64,26936.91,10042.27,0.37
507,2024-02-14,East,Electronics,42,104.67,2329.32,4396.14,2066.82,0.47
508,2024-02-15,South,Electronics,20,302.04,4965.45,6040.8,1075.3500000000004,0.18
509,2024-02-15,West,Fashion,71,63.89,2655.85,4536.19,1880.3399999999997,0.41
510,2024-02-15,South,Home Decor,84,252.72,18001.22,21228.48,3227.2599999999984,0.15
511,2024-02-15,West,Fashion,15,212.77,2613.51,3191.55,578.04,0.18
512,2024-02-15,North,Home Decor,55,351.8,9865.55,19349.0,9483.45,0.49
513,2024-02-15,West,Fashion,24,440.78,8859.7,10578.72,1719.0199999999986,0.16
514,2024-02-15,South,Home Decor,20,334.5,3592.53,6690.0,3097.47,0.46
515,2024-02-16,North,Electronics,86,151.27,8449.79,13009.220000000001,4559.43,0.35
516,2024-02-16,North,Electronics,72,81.41,4515.16,5861.5199999999995,1346.3599999999997,0.23
517,2024-02-16,West,Home Decor,44,146.03,5417.71,6425.32,1007.6099999999997,0.16
518,2024-02-16,East,Fashion,62,443.93,22746.42,27523.66,4777.240000000002,0.17
519,2024-02-16,South,Fashion,23,87.76,1532.51,2018.48,485.97,0.24
520,2024-02-16,North,Home Decor,67,381.69,20496.78,25573.23,5076.450000000001,0.2
521,2024-02-16,North,Home Decor,61,256.11,12757.28,15622.710000000001,2865.4300000000003,0.18
522,2024-02-16,West,Electronics,60,257.53,7828.97,15451.8,7622.829999999999,0.49
523,2024-02-16,East,Home Decor,82,59.96,3138.1,4916.72,1778.6200000000003,0.36
524,2024-02-16,North,Fashion,80,499.76,32344.73,39980.8,7636.070000000003,0.19
525,2024-02-16,South,Fashion,39,142.24,3426.64,5547.360000000001,2120.7200000000007,0.38
526,2024-02-16,North,Fashion,33,69.28,1572.86,2286.2400000000002,713.3800000000003,0.31
527,2024-02-16,West,Home Decor,25,355.5,7546.04,8887.5,1341.46,0.15
528,2024-02-17,South,Fashion,21,164.89,1863.94,3462.6899999999996,1598.7499999999995,0.46
529,2024-02-17,West,Electronics,17,140.25,1453.81,2384.25,930.44,0.39
530,2024-02-17,West,Electronics,44,424.77,14814.06,18689.879999999997,3875.819999999998,0.21
531,2024-02-17,East,Fashion,69,352.24,16515.23,24304.56,7789.330000000002,0.32
532,2024-02-17,East,Home Decor,18,189.54,2656.63,3411.72,755.0899999999997,0.22
533,2024-02-17,West,Electronics,98,430.63,30492.07,42201.74,11709.669999999998,0.28
534,2024-02-17,East,Home Decor,93,299.97,18795.59,27897.210000000003,9101.620000000003,0.33
535,2024-02-17,West,Fashion,50,252.81,7003.24,12640.5,5637.26,0.45
536,2024-02-17,East,Home Decor,57,224.26,9128.81,12782.82,3654.01,0.29
537,2024-02-17,North,Fashion,24,381.29,5739.66,9150.960000000001,3411.300000000001,0.37
538,2024-02-17,South,Fashion,77,221.31,8968.22,17040.87,8072.65,0.47
539,2024-02-18,East,Home Decor,49,114.97,3024.3,5633.53,2609.2299999999996,0.46
540,2024-02-18,East,Home Decor,47,132.26,3697.62,6216.219999999999,2518.5999999999995,0.41
541,2024-02-18,South,Home Decor,97,228.85,15027.17,22198.45,7171.280000000001,0.32
542,2024-02-18,West,Home Decor,68,418.04,21399.85,28426.72,7026.870000000003,0.25
543,2024-02-18,West,Home Decor,49,397.84,13272.3,19494.16,6221.860000000001,0.32
544,2024-02-18,East,Electronics,74,468.18,21800.22,34645.32,12845.099999999999,0.37
545,2024-02-18,South,Fashion,23,161.38,2042.3,3711.74,1669.4399999999998,0.45
546,2024-02-18,West,Electronics,44,311.46,6909.64,13704.24,6794.599999999999,0.5
547,2024-02-18,West,Home Decor,14,282.92,3210.36,3960.88,750.52,0.19
548,2024-02-18,South,Home Decor,84,217.17,14136.28,18242.28,4105.999999999998,0.23
549,2024-02-19,East,Fashion,21,441.32,5399.67,9267.72,3868.0499999999993,0.42
550,2024-02-19,East,Fashion,54,456.6,17181.12,24656.4,7475.2800000000025,0.3
551,2024-02-19,East,Electronics,44,252.85,5656.25,11125.4,5469.15,0.49
552,2024-02-19,West,Home Decor,82,56.02,2373.93,4593.64,2219.7100000000005,0.48
553,2024-02-19,South,Fashion,32,139.66,2608.99,4469.12,1860.13,0.42
554,2024-02-19,West,Electronics,54,310.63,14526.07,16774.02,2247.9500000000007,0.13
555,2024-02-19,East,Fashion,20,105.97,1494.76,2119.4,624.6400000000001,0.29
556,2024-02-19,South,Home Decor,53,376.58,14722.7,19958.739999999998,5236.039999999997,0.26
557,2024-02-19,East,Electronics,95,492.49,28457.83,46786.55,18328.72,0.39
558,2024-02-19,East,Electronics,75,151.2,7657.57,11340.0,3682.4300000000003,0.32
559,2024-02-19,West,Fashion,50,367.77,16312.83,18388.5,2075.67,0.11
560,2024-02-20,North,Fashion,46,78.41,2359.03,3606.8599999999997,1247.8299999999995,0.35
561,2024-02-20,West,Home Decor,30,418.11,6935.97,12543.300000000001,5607.330000000001,0.45
562,2024-02-20,East,Electronics,13,236.74,1864.39,3077.62,1213.2299999999998,0.39
563,2024-02-20,North,Home Decor,12,117.77,721.21,1413.24,692.03,0.49
564,2024-02-20,East,Home Decor,34,192.45,4718.41,6543.299999999999,1824.8899999999994,0.28
565,2024-02-20,North,Home Decor,23,274.36,4708.11,6310.280000000001,1602.170000000001,0.25
566,2024-02-20,South,Fashion,67,99.94,5852.75,6695.98,843.2299999999996,0.13
567,2024-02-20,West,Fashion,94,129.24,10270.23,12148.560000000001,1878.3300000000017,0.15
568,2024-02-20,North,Electronics,49,317.91,9368.89,15577.590000000002,6208.700000000003,0.4
569,2024-02-20,North,Electronics,79,201.8,10777.3,15942.2,5164.9000000000015,0.32
570,2024-02-20,South,Electronics,77,274.12,17364.99,21107.24,3742.25,0.18
571,2024-02-20,South,Home Decor,75,186.12,7969.62,13959.0,5989.38,0.43
572,2024-02-20,South,Fashion,76,94.36,4697.1,7171.36,2474.2599999999993,0.35
573,2024-02-20,North,Electronics,21,109.69,2039.2,2303.49,264.28999999999974,0.11
574,2024-02-20,South,Home Decor,53,333.52,15325.88,17676.559999999998,2350.6799999999985,0.13
575,2024-02-21,East,Home Decor,81,339.92,20950.53,27533.52,6582.990000000002,0.24
576,2024-02-21,North,Fashion,41,258.8,7514.35,10610.800000000001,3096.4500000000007,0.29
577,2024-02-21,North,Fashion,69,328.55,12162.96,22669.95,10506.990000000002,0.46
578,2024-02-21,East,Home Decor,99,453.08,32773.05,44854.92,12081.869999999995,0.27
579,2024-02-21,East,Fashion,88,444.81,31683.7,39143.28,7459.579999999998,0.19
580,2024-02-21,West,Fashion,80,364.24,19506.34,29139.2,9632.86,0.33
581,2024-02-21,East,Electronics,82,292.47,21010.82,23982.54,2971.720000000001,0.12
582,2024-02-21,West,Electronics,25,252.09,3512.61,6302.25,2789.64,0.44
583,2024-02-21,North,Fashion,85,123.27,5956.9,10477.949999999999,4521.049999999999,0.43
584,2024-02-21,West,Home Decor,99,233.95,19267.43,23161.05,3893.619999999999,0.17
585,2024-02-21,East,Electronics,90,485.17,35492.04,43665.3,8173.260000000002,0.19
586,2024-02-21,North,Fashion,58,261.29,13571.66,15154.820000000002,1583.1600000000017,0.1
587,2024-02-21,North,Electronics,44,82.45,2018.66,3627.8,1609.14,0.44
588,2024-02-22,East,Fashion,94,456.39,24300.22,42900.659999999996,18600.439999999995,0.43
589,2024-02-22,South,Electronics,65,474.34,18531.89,30832.1,12300.21,0.4
590,2024-02-22,South,Electronics,83,298.4,20248.96,24767.199999999997,4518.239999999998,0.18
591,2024-02-22,West,Fashion,58,341.47,10880.22,19805.260000000002,8925.040000000003,0.45
592,2024-02-22,North,Electronics,18,451.35,5237.4,8124.3,2886.9000000000005,0.36
593,2024-02-22,North,Home Decor,75,401.33,15680.66,30099.75,14419.09,0.48
594,2024-02-22,North,Home Decor,19,170.26,2441.86,3234.9399999999996,793.0799999999995,0.25
595,2024-02-22,South,Fashion,15,243.74,2332.33,3656.1000000000004,1323.7700000000004,0.36
596,2024-02-22,West,Fashion,40,225.84,4937.62,9033.6,4095.9800000000005,0.45
597,2024-02-22,South,Electronics,18,374.25,4230.6,6736.5,2505.8999999999996,0.37
598,2024-02-22,West,Electronics,85,348.12,22019.58,29590.2,7570.619999999999,0.26
599,2024-02-22,South,Electronics,94,100.35,6243.54,9432.9,3189.3599999999997,0.34
600,2024-02-23,South,Fashion,21,70.43,1128.83,1479.0300000000002,350.2000000000003,0.24
601,2024-02-23,East,Home Decor,58,405.24,17379.69,23503.920000000002,6124.230000000003,0.26
602,2024-02-23,West,Electronics,44,352.96,10606.8,15530.24,4923.4400000000005,0.32
603,2024-02-23,South,Fashion,45,213.96,8035.69,9628.2,1592.5100000000011,0.17
604,2024-02-23,North,Fashion,86,136.14,9613.95,11708.039999999999,2094.0899999999983,0.18
605,2024-02-23,North,Electronics,72,420.49,22534.14,30275.28,7741.139999999999,0.26
606,2024-02-23,South,Fashion,39,163.77,4170.1,6387.030000000001,2216.9300000000003,0.35
607,2024-02-23,East,Fashion,58,434.84,19558.79,25220.719999999998,5661.929999999997,0.22
608,2024-02-23,North,Electronics,84,294.71,12927.64,24755.64,11828.0,0.48
609,2024-02-23,East,Fashion,77,297.2,18653.0,22884.399999999998,4231.399999999998,0.18
610,2024-02-23,South,Home Decor,46,110.14,2562.26,5066.44,2504.1799999999994,0.49
611,2024-02-23,East,Electronics,30,106.31,1948.94,3189.3,1240.3600000000001,0.39
612,2024-02-24,South,Home Decor,28,307.02,4611.68,8596.56,3984.879999999999,0.46
613,2024-02-24,South,Fashion,73,354.86,16494.58,25904.780000000002,9410.2,0.36
614,2024-02-24,West,Home Decor,83,164.22,11792.31,13630.26,1837.9500000000007,0.13
615,2024-02-24,South,Home Decor,35,320.5,5743.46,11217.5,5474.04,0.49
616,2024-02-24,East,Electronics,12,223.3,2154.85,2679.6000000000004,524.7500000000005,0.2
617,2024-02-24,South,Fashion,81,200.06,13774.9,16204.86,2429.960000000001,0.15
618,2024-02-24,South,Fashion,69,247.31,14050.1,17064.39,3014.289999999999,0.18
619,2024-02-24,West,Electronics,95,409.87,33864.14,38937.65,5073.510000000002,0.13
620,2024-02-25,West,Electronics,22,381.3,5302.91,8388.6,3085.6900000000005,0.37
621,2024-02-25,East,Fashion,44,206.38,6624.75,9080.72,2455.9699999999993,0.27
622,2024-02-25,North,Fashion,30,56.16,1121.19,1684.8,563.6099999999999,0.33
623,2024-02-25,East,Electronics,37,323.78,9782.32,11979.859999999999,2197.539999999999,0.18
624,2024-02-25,North,Fashion,38,236.63,7972.42,8991.94,1019.5200000000004,0.11
625,2024-02-25,North,Home Decor,47,299.61,10525.26,14081.67,3556.41,0.25
626,2024-02-25,East,Home Decor,67,154.42,7339.91,10346.14,3006.2299999999996,0.29
627,2024-02-25,West,Electronics,13,276.8,2965.76,3598.4,632.6399999999999,0.18
628,2024-02-25,North,Home Decor,76,127.15,6201.5,9663.4,3461.8999999999996,0.36
629,2024-02-25,North,Home Decor,60,231.24,7950.99,13874.400000000001,5923.410000000002,0.43
630,2024-02-26,South,Home Decor,65,383.25,13144.71,24911.25,11766.54,0.47
631,2024-02-26,South,Electronics,99,126.55,10136.37,12528.449999999999,2392.079999999998,0.19
632,2024-02-26,East,Electronics,71,474.14,28834.08,33663.94,4829.860000000001,0.14
633,2024-02-26,West,Electronics,43,275.49,7427.74,11846.07,4418.33,0.37
634,2024-02-26,South,Fashion,82,336.54,23039.99,27596.280000000002,4556.290000000001,0.17
635,2024-02-26,North,Fashion,39,466.48,12678.38,18192.72,5514.340000000002,0.3
636,2024-02-26,North,Electronics,88,371.59,25904.78,32699.92,6795.139999999999,0.21
637,2024-02-26,North,Home Decor,47,101.43,2601.26,4767.21,2165.95,0.45
638,2024-02-26,South,Fashion,97,296.09,14534.72,28720.729999999996,14186.009999999997,0.49
639,2024-02-26,East,Electronics,35,116.68,2118.33,4083.8,1965.4700000000003,0.48
640,2024-02-27,East,Home Decor,45,232.06,8137.78,10442.7,2304.920000000001,0.22
641,2024-02-27,West,Electronics,84,235.34,12313.75,19768.56,7454.810000000001,0.38
642,2024-02-27,South,Home Decor,42,478.8,10310.42,20109.600000000002,9799.180000000002,0.49
643,2024-02-27,North,Electronics,13,241.15,2326.74,3134.9500000000003,808.2100000000005,0.26
644,2024-02-27,North,Fashion,46,250.79,7237.0,11536.34,4299.34,0.37
645,2024-02-27,East,Electronics,62,491.86,19475.03,30495.32,11020.29,0.36
646,2024-02-27,North,Home Decor,23,403.37,8311.75,9277.51,965.7600000000002,0.1
647,2024-02-27,North,Home Decor,39,472.58,16167.8,18430.62,2262.8199999999997,0.12
648,2024-02-27,South,Home Decor,28,96.4,2038.33,2699.2000000000003,660.8700000000003,0.24
649,2024-02-27,South,Electronics,66,432.81,22668.47,28565.46,5896.989999999998,0.21
650,2024-02-27,West,Fashion,63,112.6,5119.84,7093.799999999999,1973.9599999999991,0.28
651,2024-02-27,East,Home Decor,47,275.68,7559.55,12956.960000000001,5397.410000000001,0.42
652,2024-02-27,South,Fashion,91,311.96,25510.53,28388.359999999997,2877.829999999998,0.1
653,2024-02-27,South,Fashion,48,147.23,5806.55,7067.039999999999,1260.4899999999989,0.18
654,2024-02-27,North,Fashion,37,432.71,8235.24,16010.269999999999,7775.029999999999,0.49
655,2024-02-28,West,Electronics,16,174.0,2120.47,2784.0,663.5300000000002,0.24
656,2024-02-28,East,Home Decor,73,335.95,16389.73,24524.35,8134.619999999999,0.33
657,2024-02-28,West,Home Decor,20,338.29,4015.9,6765.8,2749.9,0.41
658,2024-02-28,East,Fashion,74,274.74,14673.58,20330.760000000002,5657.180000000002,0.28
659,2024-02-28,East,Fashion,50,401.61,17987.56,20080.5,2092.9399999999987,0.1
660,2024-02-28,South,Home Decor,75,245.93,9671.7,18444.75,8773.05,0.48
661,2024-02-28,South,Home Decor,52,61.23,2112.98,3183.96,1070.98,0.34
662,2024-02-28,South,Home Decor,45,107.57,2669.32,4840.65,2171.3299999999995,0.45
663,2024-02-28,South,Home Decor,16,392.49,4983.39,6279.84,1296.4499999999998,0.21
664,2024-02-28,North,Home Decor,42,423.23,14207.45,17775.66,3568.209999999999,0.2
665,2024-02-28,South,Fashion,69,96.66,4462.34,6669.54,2207.2,0.33
666,2024-02-28,North,Electronics,55,175.3,8478.75,9641.5,1162.75,0.12
667,2024-02-29,East,Fashion,54,267.95,8478.53,14469.3,5990.769999999999,0.41
668,2024-02-29,North,Fashion,93,93.88,4935.85,8730.84,3794.99,0.43
669,2024-02-29,East,Fashion,79,308.91,15087.99,24403.890000000003,9315.900000000003,0.38
670,2024-02-29,South,Electronics,56,368.82,11645.71,20653.92,9008.21,0.44
671,2024-02-29,East,Electronics,27,232.95,5069.95,6289.65,1219.6999999999998,0.19
672,2024-02-29,South,Electronics,32,445.09,9043.15,14242.88,5199.73,0.37
673,2024-02-29,East,Fashion,88,235.24,12391.86,20701.120000000003,8309.260000000002,0.4
674,2024-02-29,North,Electronics,48,114.72,3365.83,5506.5599999999995,2140.7299999999996,0.39
675,2024-02-29,East,Fashion,91,280.8,14281.23,25552.8,11271.57,0.44
676,2024-02-29,West,Fashion,31,66.17,1725.51,2051.27,325.76,0.16
677,2024-02-29,North,Fashion,69,354.25,18185.21,24443.25,6258.040000000001,0.26
678,2024-02-29,South,Electronics,33,304.08,5232.12,10034.64,4802.5199999999995,0.48
679,2024-02-29,South,Home Decor,40,373.84,8833.04,14953.599999999999,6120.559999999998,0.41
680,2024-03-01,West,Fashion,55,189.03,7485.02,10396.65,2911.629999999999,0.28
681,2024-03-01,West,Electronics,96,289.35,18323.96,27777.600000000002,9453.640000000003,0.34
682,2024-03-01,West,Electronics,49,189.95,5909.56,9307.55,3397.989999999999,0.37
683,2024-03-01,West,Home Decor,12,117.32,815.47,1407.84,592.3699999999999,0.42
684,2024-03-01,South,Home Decor,21,203.17,3474.09,4266.57,792.4799999999996,0.19
685,2024-03-01,West,Electronics,61,225.77,8030.62,13771.970000000001,5741.350000000001,0.42
686,2024-03-01,North,Electronics,57,213.09,7880.99,12146.130000000001,4265.140000000001,0.35
687,2024-03-01,South,Fashion,89,226.32,11981.91,20142.48,8160.57,0.41
688,2024-03-01,West,Fashion,18,349.25,4709.17,6286.5,1577.33,0.25
689,2024-03-01,South,Electronics,60,308.93,13566.21,18535.8,4969.59,0.27
690,2024-03-01,North,Home Decor,72,283.87,14312.86,20438.64,6125.779999999999,0.3
691,2024-03-01,South,Electronics,44,238.73,9010.03,10504.119999999999,1494.0899999999983,0.14
692,2024-03-02,East,Home Decor,29,263.93,5633.16,7653.97,2020.8100000000004,0.26
693,2024-03-02,West,Fashion,48,387.23,16543.8,18587.04,2043.2400000000016,0.11
694,2024-03-02,East,Electronics,23,353.46,5887.7,8129.58,2241.88,0.28
695,2024-03-02,North,Electronics,26,335.45,4383.3,8721.699999999999,4338.399999999999,0.5
696,2024-03-02,West,Electronics,72,190.79,11873.07,13736.88,1863.8099999999995,0.14
697,2024-03-02,East,Electronics,67,287.25,11577.76,19245.75,7667.99,0.4
698,2024-03-02,South,Fashion,18,444.94,5345.42,8008.92,2663.5,0.33
699,2024-03-02,North,Fashion,13,97.16,986.46,1263.08,276.6199999999999,0.22
700,2024-03-02,North,Fashion,75,488.92,28940.23,36669.0,7728.77,0.21
701,2024-03-02,East,Fashion,78,99.0,4094.7,7722.0,3627.3,0.47
702,2024-03-02,South,Fashion,98,91.44,6640.08,8961.119999999999,2321.039999999999,0.26
703,2024-03-02,North,Electronics,95,227.84,17693.07,21644.8,3951.7299999999996,0.18
704,2024-03-02,East,Home Decor,17,381.31,4192.63,6482.27,2289.6400000000003,0.35
705,2024-03-02,South,Fashion,66,495.59,18832.41,32708.94,13876.529999999999,0.42
706,2024-03-02,South,Fashion,57,473.57,14763.07,26993.489999999998,12230.419999999998,0.45
707,2024-03-02,North,Electronics,29,392.38,6681.35,11379.02,4697.67,0.41
708,2024-03-02,South,Fashion,81,74.85,4457.63,6062.849999999999,1605.2199999999993,0.26
709,2024-03-02,North,Home Decor,15,404.32,3731.68,6064.8,2333.1200000000003,0.38
710,2024-03-02,South,Fashion,29,476.98,12047.24,13832.42,1785.1800000000003,0.13
711,2024-03-02,North,Home Decor,73,133.42,8513.94,9739.66,1225.7199999999993,0.13
712,2024-03-02,North,Electronics,12,474.07,3563.67,5688.84,2125.17,0.37
713,2024-03-02,South,Electronics,96,396.83,20988.73,38095.68,17106.95,0.45
714,2024-03-02,North,Fashion,28,256.53,5601.77,7182.839999999999,1581.0699999999988,0.22
715,2024-03-03,West,Home Decor,53,376.24,15790.75,19940.72,4149.970000000001,0.21
716,2024-03-03,East,Fashion,82,127.44,6627.96,10450.08,3822.12,0.37
717,2024-03-03,East,Fashion,51,147.75,5435.3,7535.25,2099.95,0.28
718,2024-03-03,East,Fashion,30,348.35,6387.89,10450.5,4062.6099999999997,0.39
719,2024-03-03,West,Home Decor,16,477.14,4649.71,7634.24,2984.5299999999997,0.39
720,2024-03-03,West,Electronics,24,81.9,1215.84,1965.6000000000001,749.7600000000002,0.38
721,2024-03-03,South,Home Decor,49,102.29,2670.55,5012.21,2341.66,0.47
722,2024-03-03,North,Electronics,11,307.36,2817.29,3380.96,563.6700000000001,0.17
723,2024-03-03,North,Home Decor,28,322.47,4599.57,9029.16,4429.59,0.49
724,2024-03-03,East,Home Decor,37,346.14,8319.27,12807.18,4487.91,0.35
725,2024-03-03,North,Electronics,28,217.96,4524.27,6102.88,1578.6099999999997,0.26
726,2024-03-03,East,Fashion,76,143.58,6745.71,10912.080000000002,4166.370000000002,0.38
727,2024-03-03,South,Fashion,13,354.72,3199.16,4611.360000000001,1412.2000000000007,0.31
728,2024-03-03,East,Fashion,66,94.94,4557.83,6266.04,1708.21,0.27
729,2024-03-04,East,Fashion,85,446.73,22689.09,37972.05,15282.960000000003,0.4
730,2024-03-04,East,Home Decor,22,419.74,8135.09,9234.28,1099.1900000000005,0.12
731,2024-03-04,South,Fashion,35,171.06,5189.48,5987.1,797.6200000000008,0.13
732,2024-03-04,East,Home Decor,82,83.32,5178.46,6832.24,1653.7799999999997,0.24
733,2024-03-04,South,Fashion,69,56.98,2148.99,3931.62,1782.63,0.45
734,2024-03-04,South,Home Decor,62,371.83,12752.51,23053.46,10300.949999999999,0.45
735,2024-03-04,North,Electronics,19,69.03,970.71,1311.57,340.8599999999999,0.26
736,2024-03-04,East,Electronics,75,404.05,16700.7,30303.75,13603.05,0.45
737,2024-03-04,West,Electronics,10,399.16,2162.93,3991.6000000000004,1828.6700000000005,0.46
738,2024-03-04,West,Home Decor,78,393.12,20617.85,30663.36,10045.510000000002,0.33
739,2024-03-04,West,Fashion,66,434.42,23454.13,28671.72,5217.59,0.18
740,2024-03-04,West,Electronics,95,456.44,24163.99,43361.8,19197.81,0.44
741,2024-03-04,East,Fashion,97,439.62,30070.61,42643.14,12572.529999999999,0.29
742,2024-03-05,East,Fashion,59,359.17,13866.9,21191.030000000002,7324.130000000003,0.35
743,2024-03-05,North,Electronics,15,243.99,3037.46,3659.8500000000004,622.3900000000003,0.17
744,2024-03-05,North,Electronics,56,243.32,7866.24,13625.92,5759.68,0.42
745,2024-03-05,East,Fashion,44,245.98,9363.86,10823.119999999999,1459.2599999999984,0.13
746,2024-03-05,South,Home Decor,70,236.53,13388.15,16557.1,3168.949999999999,0.19
747,2024-03-05,South,Fashion,94,399.62,21444.58,37564.28,16119.699999999997,0.43
748,2024-03-05,North,Electronics,60,319.9,13175.65,19194.0,6018.35,0.31
749,2024-03-05,West,Electronics,46,70.39,1871.78,3237.94,1366.16,0.42
750,2024-03-05,North,Electronics,74,87.94,5005.22,6507.5599999999995,1502.3399999999992,0.23
751,2024-03-06,South,Electronics,22,454.21,7853.8,9992.619999999999,2138.819999999999,0.21
752,2024-03-06,West,Fashion,75,333.76,16368.25,25032.0,8663.75,0.35
753,2024-03-06,West,Fashion,49,422.99,12291.16,20726.510000000002,8435.350000000002,0.41
754,2024-03-06,South,Home Decor,77,344.62,15859.47,26535.74,10676.270000000002,0.4
755,2024-03-06,West,Electronics,96,152.03,12380.16,14594.880000000001,2214.720000000001,0.15
756,2024-03-06,South,Home Decor,91,483.04,28837.67,43956.64,15118.970000000001,0.34
757,2024-03-06,West,Home Decor,79,258.48,17508.81,20419.920000000002,2911.1100000000006,0.14
758,2024-03-06,West,Electronics,17,470.11,4184.88,7991.87,3806.99,0.48
759,2024-03-06,South,Electronics,50,103.49,4205.04,5174.5,969.46,0.19
760,2024-03-06,East,Home Decor,43,81.5,2033.69,3504.5,1470.81,0.42
761,2024-03-07,East,Fashion,47,333.82,8655.45,15689.539999999999,7034.089999999998,0.45
762,2024-03-07,East,Electronics,74,489.28,24483.55,36206.72,11723.170000000002,0.32
763,2024-03-07,West,Home Decor,79,447.23,25571.36,35331.17,9759.809999999998,0.28
764,2024-03-07,North,Fashion,77,446.75,29496.21,34399.75,4903.540000000001,0.14
765,2024-03-07,South,Home Decor,14,190.49,1951.74,2666.86,715.1200000000001,0.27
766,2024-03-07,South,Fashion,85,94.21,4979.61,8007.849999999999,3028.24,0.38
767,2024-03-07,East,Fashion,99,205.07,17678.24,20301.93,2623.6899999999987,0.13
768,2024-03-07,East,Home Decor,77,308.23,19887.54,23733.710000000003,3846.170000000002,0.16
769,2024-03-07,South,Electronics,90,57.08,2614.26,5137.2,2522.9399999999996,0.49
770,2024-03-07,West,Fashion,97,450.53,35441.07,43701.409999999996,8260.339999999997,0.19
771,2024-03-08,North,Electronics,16,318.55,3594.62,5096.8,1502.1800000000003,0.29
772,2024-03-08,East,Home Decor,62,401.25,17985.49,24877.5,6892.009999999998,0.28
773,2024-03-08,North,Electronics,75,413.72,19962.01,31029.000000000004,11066.990000000005,0.36
774,2024-03-08,North,Fashion,36,315.69,7957.56,11364.84,3407.2799999999997,0.3
775,2024-03-08,West,Fashion,60,209.69,11295.15,12581.4,1286.25,0.1
776,2024-03-08,South,Electronics,55,161.21,4866.36,8866.550000000001,4000.1900000000014,0.45
777,2024-03-09,West,Electronics,33,368.08,9943.16,12146.64,2203.4799999999996,0.18
778,2024-03-09,East,Fashion,50,128.34,3211.96,6417.0,3205.04,0.5
779,2024-03-09,South,Home Decor,52,393.4,17652.16,20456.8,2804.6399999999994,0.14
780,2024-03-09,East,Fashion,44,397.54,13371.69,17491.760000000002,4120.0700000000015,0.24
781,2024-03-09,North,Home Decor,43,143.26,3638.67,6160.179999999999,2521.5099999999993,0.41
782,2024-03-09,North,Fashion,23,299.02,4846.24,6877.459999999999,2031.2199999999993,0.3
783,2024-03-09,South,Fashion,17,176.47,2076.05,2999.99,923.9399999999996,0.31
784,2024-03-09,North,Fashion,42,474.15,12499.2,19914.3,7415.0999999999985,0.37
785,2024-03-09,South,Fashion,97,119.21,9396.42,11563.369999999999,2166.949999999999,0.19
786,2024-03-09,East,Fashion,34,294.11,6217.81,9999.74,3781.9299999999994,0.38
787,2024-03-09,South,Electronics,96,279.57,21214.52,26838.72,5624.200000000001,0.21
788,2024-03-09,East,Electronics,56,282.56,10630.91,15823.36,5192.450000000001,0.33
789,2024-03-09,North,Home Decor,42,363.11,12389.11,15250.62,2861.51,0.19
790,2024-03-10,South,Home Decor,48,58.91,2075.33,2827.68,752.3499999999999,0.27
791,2024-03-10,East,Fashion,72,228.18,8417.74,16428.96,8011.219999999999,0.49
792,2024-03-10,West,Fashion,64,120.19,4664.52,7692.16,3027.6399999999994,0.39
793,2024-03-10,South,Fashion,84,379.85,20190.83,31907.4,11716.57,0.37
794,2024-03-10,South,Electronics,49,495.54,14819.05,24281.460000000003,9462.410000000003,0.39
795,2024-03-10,North,Electronics,96,243.32,20392.58,23358.72,2966.1399999999994,0.13
796,2024-03-10,North,Electronics,72,90.82,4843.29,6539.039999999999,1695.749999999999,0.26
797,2024-03-10,East,Electronics,87,405.23,26682.21,35255.01,8572.800000000003,0.24
798,2024-03-10,North,Electronics,99,233.0,16931.9,23067.0,6135.0999999999985,0.27
799,2024-03-10,West,Fashion,31,130.05,2267.4,4031.55,1764.15,0.44
800,2024-03-10,West,Electronics,13,237.3,1882.45,3084.9,1202.45,0.39
801,2024-03-11,East,Home Decor,33,227.63,6545.42,7511.79,966.3699999999999,0.13
802,2024-03-11,North,Electronics,42,185.86,4331.11,7806.120000000001,3475.010000000001,0.45
803,2024-03-11,East,Fashion,99,256.64,22617.36,25407.359999999997,2789.9999999999964,0.11
804,2024-03-11,West,Home Decor,58,140.49,6721.66,8148.42,1426.7600000000002,0.18
805,2024-03-11,West,Home Decor,35,203.81,4866.71,7133.35,2266.6400000000003,0.32
806,2024-03-11,North,Fashion,94,456.01,30216.36,42864.94,12648.580000000002,0.3
807,2024-03-12,East,Fashion,46,478.86,13007.5,22027.56,9020.060000000001,0.41
808,2024-03-12,North,Electronics,63,260.14,10627.62,16388.82,5761.199999999999,0.35
809,2024-03-12,East,Home Decor,37,145.35,4346.35,5377.95,1031.5999999999995,0.19
810,2024-03-12,East,Home Decor,18,92.77,1046.39,1669.86,623.4699999999998,0.37
811,2024-03-12,South,Home Decor,79,471.82,22215.01,37273.78,15058.77,0.4
812,2024-03-12,South,Electronics,56,457.73,17236.7,25632.88,8396.18,0.33
813,2024-03-12,West,Fashion,68,375.95,15312.17,25564.6,10252.429999999998,0.4
814,2024-03-12,West,Fashion,34,259.27,6259.69,8815.18,2555.4900000000007,0.29
815,2024-03-12,South,Fashion,47,321.73,11538.87,15121.310000000001,3582.4400000000005,0.24
816,2024-03-13,West,Home Decor,66,369.56,13804.16,24390.96,10586.8,0.43
817,2024-03-13,South,Home Decor,84,391.22,22230.16,32862.48,10632.320000000003,0.32
818,2024-03-13,North,Electronics,87,272.37,18859.16,23696.19,4837.029999999999,0.2
819,2024-03-13,South,Electronics,37,265.67,7582.27,9829.79,2247.5200000000004,0.23
820,2024-03-13,West,Fashion,33,51.3,1168.57,1692.8999999999999,524.3299999999999,0.31
821,2024-03-13,North,Home Decor,62,102.66,5438.92,6364.92,926.0,0.15
822,2024-03-13,East,Electronics,76,272.08,17984.03,20678.079999999998,2694.0499999999993,0.13
823,2024-03-13,North,Fashion,19,266.7,2688.85,5067.3,2378.4500000000003,0.47
824,2024-03-14,East,Home Decor,33,339.16,7006.41,11192.28,4185.870000000001,0.37
825,2024-03-14,West,Fashion,93,293.62,15334.54,27306.66,11972.119999999999,0.44
826,2024-03-14,East,Fashion,78,322.44,17196.09,25150.32,7954.23,0.32
827,2024-03-14,South,Home Decor,60,210.19,10601.62,12611.4,2009.7799999999988,0.16
828,2024-03-14,South,Fashion,13,369.22,4003.21,4799.860000000001,796.6500000000005,0.17
829,2024-03-14,East,Fashion,96,417.76,30213.66,40104.96,9891.3,0.25
830,2024-03-14,North,Electronics,59,166.2,5645.33,9805.8,4160.469999999999,0.42
831,2024-03-14,North,Electronics,60,350.05,14317.98,21003.0,6685.02,0.32
832,2024-03-14,North,Home Decor,50,422.65,12736.5,21132.5,8396.0,0.4
833,2024-03-14,West,Fashion,71,363.77,14778.78,25827.67,11048.889999999998,0.43
834,2024-03-15,East,Electronics,40,84.42,1708.13,3376.8,1668.67,0.49
835,2024-03-15,West,Home Decor,26,59.23,1135.92,1539.98,404.05999999999995,0.26
836,2024-03-15,West,Electronics,20,193.15,2970.48,3863.0,892.52,0.23
837,2024-03-15,South,Fashion,93,469.91,24753.52,43701.630000000005,18948.110000000004,0.43
838,2024-03-15,North,Fashion,43,422.02,11523.11,18146.86,6623.75,0.37
839,2024-03-15,West,Home Decor,31,364.34,7131.64,11294.539999999999,4162.899999999999,0.37
840,2024-03-15,East,Home Decor,60,164.7,7860.17,9882.0,2021.83,0.2
841,2024-03-15,South,Electronics,87,486.61,31938.74,42335.07,10396.329999999998,0.25
842,2024-03-15,North,Home Decor,64,146.9,5858.65,9401.6,3542.9500000000007,0.38
843,2024-03-15,East,Home Decor,26,52.57,709.09,1366.82,657.7299999999999,0.48
844,2024-03-15,South,Home Decor,78,420.7,24256.67,32814.6,8557.93,0.26
845,2024-03-15,North,Home Decor,66,111.65,6462.99,7368.900000000001,905.9100000000008,0.12
846,2024-03-15,North,Fashion,25,160.61,2916.18,4015.2500000000005,1099.0700000000006,0.27
847,2024-03-15,South,Home Decor,99,446.7,24506.0,44223.299999999996,19717.299999999996,0.45
848,2024-03-15,East,Home Decor,64,257.0,10721.57,16448.0,5726.43,0.35
849,2024-03-15,North,Home Decor,62,108.47,5324.87,6725.14,1400.2700000000004,0.21
850,2024-03-15,East,Fashion,84,263.73,12155.04,22153.32,9998.279999999999,0.45
851,2024-03-16,West,Fashion,84,175.74,10471.73,14762.16,4290.43,0.29
852,2024-03-16,East,Home Decor,94,354.13,20177.59,33288.22,13110.630000000001,0.39
853,2024-03-16,East,Electronics,48,84.49,2221.71,4055.5199999999995,1833.8099999999995,0.45
854,2024-03-16,West,Home Decor,93,403.29,32236.95,37505.97,5269.02,0.14
855,2024-03-16,West,Home Decor,62,297.32,9950.93,18433.84,8482.91,0.46
856,2024-03-16,West,Fashion,84,338.73,14921.0,28453.32,13532.32,0.48
857,2024-03-16,West,Fashion,32,443.38,7725.22,14188.16,6462.94,0.46
858,2024-03-16,South,Fashion,29,482.68,8565.18,13997.72,5432.539999999999,0.39
859,2024-03-16,East,Fashion,21,379.28,5015.79,7964.879999999999,2949.0899999999992,0.37
860,2024-03-17,North,Electronics,50,201.05,8742.09,10052.5,1310.4099999999999,0.13
861,2024-03-17,North,Home Decor,36,223.8,4247.9,8056.8,3808.9000000000005,0.47
862,2024-03-17,West,Electronics,86,476.33,22236.4,40964.38,18727.979999999996,0.46
863,2024-03-17,West,Electronics,12,336.44,2602.5,4037.2799999999997,1434.7799999999997,0.36
864,2024-03-17,East,Home Decor,52,241.73,10785.35,12569.96,1784.6099999999988,0.14
865,2024-03-17,North,Electronics,37,410.61,11793.85,15192.57,3398.7199999999993,0.22
866,2024-03-17,South,Electronics,50,431.57,12274.59,21578.5,9303.91,0.43
867,2024-03-17,East,Home Decor,95,206.18,10871.86,19587.100000000002,8715.240000000002,0.44
868,2024-03-18,West,Home Decor,70,310.88,10977.23,21761.6,10784.369999999999,0.5
869,2024-03-18,North,Home Decor,40,231.25,5784.09,9250.0,3465.91,0.37
870,2024-03-18,North,Electronics,76,293.74,12920.27,22324.24,9403.970000000001,0.42
871,2024-03-18,North,Fashion,70,233.43,12524.8,16340.1,3815.300000000001,0.23
872,2024-03-18,North,Electronics,87,170.0,7912.94,14790.0,6877.06,0.46
873,2024-03-18,North,Home Decor,33,376.53,6783.31,12425.49,5642.179999999999,0.45
874,2024-03-18,South,Electronics,73,73.49,3403.43,5364.7699999999995,1961.3399999999997,0.37
875,2024-03-18,West,Home Decor,73,328.34,21203.93,23968.82,2764.8899999999994,0.12
876,2024-03-18,South,Electronics,73,243.67,13533.7,17787.91,4254.209999999999,0.24
877,2024-03-19,South,Fashion,50,56.39,2300.14,2819.5,519.3600000000001,0.18
878,2024-03-19,South,Fashion,55,449.81,14923.93,24739.55,9815.619999999999,0.4
879,2024-03-19,North,Electronics,25,214.52,2826.04,5363.0,2536.96,0.47
880,2024-03-19,West,Fashion,89,457.89,26191.75,40752.21,14560.46,0.36
881,2024-03-19,West,Fashion,60,386.53,11663.94,23191.8,11527.859999999999,0.5
882,2024-03-19,South,Fashion,56,421.66,11923.04,23612.960000000003,11689.920000000002,0.5
883,2024-03-19,North,Electronics,28,488.41,9352.08,13675.480000000001,4323.4000000000015,0.32
884,2024-03-19,West,Fashion,65,399.56,19000.44,25971.4,6970.960000000003,0.27
885,2024-03-20,South,Fashion,37,363.48,9235.15,13448.76,4213.610000000001,0.31
886,2024-03-20,East,Electronics,16,468.95,6582.33,7503.2,920.8699999999999,0.12
887,2024-03-20,West,Home Decor,73,186.81,8378.11,13637.130000000001,5259.02,0.39
888,2024-03-20,East,Home Decor,66,474.79,27256.46,31336.140000000003,4079.680000000004,0.13
889,2024-03-20,West,Home Decor,94,332.37,18274.95,31242.78,12967.829999999998,0.42
890,2024-03-20,East,Fashion,78,393.04,18931.09,30657.120000000003,11726.030000000002,0.38
891,2024-03-20,South,Fashion,83,183.06,9527.81,15193.98,5666.17,0.37
892,2024-03-20,West,Electronics,58,64.68,3281.92,3751.4400000000005,469.52000000000044,0.13
893,2024-03-21,West,Fashion,73,445.66,20341.87,32533.18,12191.310000000001,0.37
894,2024-03-21,East,Electronics,20,436.15,7075.44,8723.0,1647.5600000000004,0.19
895,2024-03-21,South,Home Decor,17,56.58,485.9,961.86,475.96000000000004,0.49
896,2024-03-21,East,Electronics,28,356.99,6859.79,9995.720000000001,3135.930000000001,0.31
897,2024-03-21,East,Home Decor,82,438.64,25492.79,35968.479999999996,10475.689999999995,0.29
898,2024-03-21,East,Home Decor,35,418.27,8066.25,14639.449999999999,6573.199999999999,0.45
899,2024-03-21,South,Fashion,52,256.21,7824.6,13322.919999999998,5498.319999999998,0.41
900,2024-03-22,North,Electronics,35,236.67,4310.62,8283.449999999999,3972.829999999999,0.48
901,2024-03-22,West,Home Decor,64,164.01,8122.83,10496.64,2373.8099999999995,0.23
902,2024-03-22,West,Fashion,70,254.71,9210.82,17829.7,8618.880000000001,0.48
903,2024-03-22,South,Fashion,49,388.3,11275.07,19026.7,7751.630000000001,0.41
904,2024-03-22,South,Fashion,62,404.02,14470.07,25049.239999999998,10579.169999999998,0.42
905,2024-03-22,East,Electronics,93,282.05,17772.88,26230.65,8457.77,0.32
906,2024-03-22,West,Fashion,66,154.2,7220.37,10177.199999999999,2956.829999999999,0.29
907,2024-03-23,East,Home Decor,55,62.74,2036.92,3450.7000000000003,1413.7800000000002,0.41
908,2024-03-23,South,Electronics,87,87.22,6643.86,7588.14,944.2800000000007,0.12
909,2024-03-23,South,Fashion,46,140.25,4049.08,6451.5,2402.42,0.37
910,2024-03-23,South,Electronics,70,205.15,8892.46,14360.5,5468.040000000001,0.38
911,2024-03-23,South,Fashion,39,244.92,7649.64,9551.88,1902.2399999999989,0.2
912,2024-03-24,South,Electronics,88,384.39,18920.55,33826.32,14905.77,0.44
913,2024-03-24,North,Fashion,49,148.87,4919.48,7294.63,2375.1500000000005,0.33
914,2024-03-24,East,Electronics,23,301.81,3703.29,6941.63,3238.34,0.47
915,2024-03-24,West,Fashion,74,190.26,10771.0,14079.24,3308.24,0.23
916,2024-03-24,West,Fashion,92,389.31,21897.8,35816.52,13918.719999999998,0.39
917,2024-03-24,West,Electronics,51,266.6,10603.66,13596.6,2992.9400000000005,0.22
918,2024-03-24,North,Fashion,91,386.6,30774.97,35180.6,4405.629999999997,0.13
919,2024-03-24,East,Electronics,57,293.9,9136.31,16752.3,7615.99,0.45
920,2024-03-24,North,Electronics,99,235.1,14419.11,23274.899999999998,8855.789999999997,0.38
921,2024-03-24,West,Electronics,57,377.04,13452.04,21491.280000000002,8039.240000000002,0.37
922,2024-03-24,South,Fashion,80,160.83,8555.66,12866.400000000001,4310.740000000002,0.34
923,2024-03-25,East,Fashion,68,433.66,24598.12,29488.88,4890.760000000002,0.17
924,2024-03-25,South,Home Decor,12,273.07,1738.98,3276.84,1537.8600000000001,0.47
925,2024-03-25,North,Electronics,48,465.81,19915.45,22358.88,2443.4300000000003,0.11
926,2024-03-25,East,Electronics,94,487.59,24324.87,45833.46,21508.59,0.47
927,2024-03-25,North,Electronics,56,424.12,14969.46,23750.72,8781.260000000002,0.37
928,2024-03-25,East,Electronics,26,258.4,3743.39,6718.4,2975.0099999999998,0.44
929,2024-03-25,East,Electronics,25,228.94,3622.3,5723.5,2101.2,0.37
930,2024-03-25,South,Electronics,77,352.43,15216.05,27137.11,11921.060000000001,0.44
931,2024-03-26,North,Home Decor,98,340.07,25295.31,33326.86,8031.549999999999,0.24
932,2024-03-26,North,Electronics,90,127.45,7896.06,11470.5,3574.4399999999996,0.31
933,2024-03-26,North,Home Decor,34,218.95,6437.71,7444.299999999999,1006.5899999999992,0.14
934,2024-03-26,North,Home Decor,55,332.6,12129.84,18293.0,6163.16,0.34
935,2024-03-26,East,Home Decor,56,472.97,15306.69,26486.32,11179.63,0.42
936,2024-03-26,West,Home Decor,83,92.92,5304.62,7712.360000000001,2407.7400000000007,0.31
937,2024-03-26,West,Home Decor,67,331.26,17256.65,22194.42,4937.769999999997,0.22
938,2024-03-26,West,Home Decor,79,209.42,12456.03,16544.18,4088.1499999999996,0.25
939,2024-03-26,West,Home Decor,47,479.68,13114.37,22544.96,9430.589999999998,0.42
940,2024-03-26,South,Home Decor,76,386.51,21367.81,29374.76,8006.949999999997,0.27
941,2024-03-26,West,Electronics,42,55.96,1788.03,2350.32,562.2900000000002,0.24
942,2024-03-26,North,Electronics,61,349.32,16886.21,21308.52,4422.310000000001,0.21
943,2024-03-26,South,Electronics,66,317.34,12604.7,20944.44,8339.739999999998,0.4
944,2024-03-26,South,Home Decor,17,337.08,2896.43,5730.36,2833.93,0.49
945,2024-03-26,East,Fashion,55,237.17,7622.52,13044.349999999999,5421.829999999998,0.42
946,2024-03-27,East,Fashion,23,468.9,9248.89,10784.699999999999,1535.8099999999995,0.14
947,2024-03-27,North,Home Decor,28,344.3,8058.68,9640.4,1581.7199999999993,0.16
948,2024-03-27,West,Fashion,30,299.02,5793.83,8970.599999999999,3176.7699999999986,0.35
949,2024-03-27,North,Fashion,54,149.86,5389.44,8092.4400000000005,2703.000000000001,0.33
950,2024-03-27,South,Electronics,76,413.96,24885.99,31460.96,6574.9699999999975,0.21
951,2024-03-27,South,Fashion,56,69.05,3470.97,3866.7999999999997,395.8299999999999,0.1
952,2024-03-27,East,Fashion,26,321.38,7178.52,8355.88,1177.3599999999988,0.14
953,2024-03-27,South,Electronics,84,376.19,19374.58,31599.96,12225.379999999997,0.39
954,2024-03-27,South,Home Decor,10,371.48,2350.72,3714.8,1364.0800000000004,0.37
955,2024-03-27,South,Home Decor,95,121.56,9608.8,11548.2,1939.4000000000015,0.17
956,2024-03-28,East,Fashion,77,209.77,9667.11,16152.29,6485.18,0.4
957,2024-03-28,East,Fashion,40,253.81,8041.41,10152.4,2110.99,0.21
958,2024-03-28,East,Fashion,40,157.62,3165.08,6304.8,3139.7200000000003,0.5
959,2024-03-28,West,Electronics,94,236.86,12930.01,22264.84,9334.83,0.42
960,2024-03-28,North,Fashion,29,304.24,6434.49,8822.960000000001,2388.470000000001,0.27
961,2024-03-28,South,Fashion,95,415.72,35291.8,39493.4,4201.5999999999985,0.11
962,2024-03-28,East,Home Decor,58,305.64,14497.1,17727.12,3230.0199999999986,0.18
963,2024-03-28,West,Home Decor,67,219.79,10437.46,14725.93,4288.470000000001,0.29
964,2024-03-28,South,Home Decor,73,150.47,7878.04,10984.31,3106.2699999999995,0.28
965,2024-03-29,East,Fashion,13,217.49,2070.99,2827.37,756.3800000000001,0.27
966,2024-03-29,North,Fashion,36,443.18,13664.69,15954.48,2289.789999999999,0.14
967,2024-03-29,West,Home Decor,72,355.8,16084.29,25617.600000000002,9533.310000000001,0.37
968,2024-03-29,South,Fashion,78,234.99,12641.03,18329.22,5688.1900000000005,0.31
969,2024-03-29,North,Fashion,75,313.02,17897.58,23476.5,5578.919999999998,0.24
970,2024-03-29,North,Fashion,46,497.74,12205.73,22896.04,10690.310000000001,0.47
971,2024-03-29,West,Electronics,26,461.87,7533.07,12008.62,4475.550000000001,0.37
972,2024-03-29,North,Home Decor,91,398.26,18744.95,36241.659999999996,17496.709999999995,0.48
973,2024-03-29,West,Home Decor,83,443.98,22758.02,36850.340000000004,14092.320000000003,0.38
974,2024-03-29,North,Electronics,54,135.42,4962.21,7312.679999999999,2350.4699999999993,0.32
975,2024-03-29,West,Fashion,55,199.44,6975.4,10969.2,3993.800000000001,0.36
976,2024-03-29,South,Fashion,28,237.11,5036.67,6639.08,1602.4099999999999,0.24
977,2024-03-29,West,Home Decor,86,435.71,21617.95,37471.06,15853.109999999997,0.42
978,2024-03-29,East,Electronics,38,334.39,10428.15,12706.82,2278.67,0.18
979,2024-03-30,South,Fashion,61,72.51,3627.32,4423.110000000001,795.7900000000004,0.18
980,2024-03-30,East,Electronics,78,236.22,13876.38,18425.16,4548.780000000001,0.25
981,2024-03-30,North,Fashion,31,196.36,4272.26,6087.160000000001,1814.9000000000005,0.3
982,2024-03-30,North,Fashion,42,158.85,3898.36,6671.7,2773.3399999999997,0.42
983,2024-03-30,North,Electronics,14,70.73,515.62,990.22,474.6,0.48
984,2024-03-30,East,Fashion,90,334.88,23873.18,30139.2,6266.02,0.21
985,2024-03-30,West,Fashion,96,495.66,32252.54,47583.36,15330.82,0.32
986,2024-03-30,East,Fashion,32,306.27,7438.52,9800.64,2362.119999999999,0.24
987,2024-03-30,West,Home Decor,35,223.85,6825.95,7834.75,1008.8000000000002,0.13
988,2024-03-30,East,Electronics,28,378.72,8583.23,10604.16,2020.9300000000003,0.19
989,2024-03-30,West,Home Decor,63,339.27,13209.76,21374.01,8164.249999999998,0.38
990,2024-03-30,South,Electronics,68,217.97,7963.97,14821.96,6857.989999999999,0.46
991,2024-03-30,South,Electronics,87,303.65,23393.51,26417.55,3024.040000000001,0.11
992,2024-03-30,North,Electronics,91,205.35,16646.48,18686.85,2040.369999999999,0.11
993,2024-03-30,North,Home Decor,15,427.85,4589.42,6417.75,1828.33,0.28
994,2024-03-30,East,Electronics,91,245.9,17433.54,22376.9,4943.360000000001,0.22
995,2024-03-30,North,Fashion,47,57.12,2407.0,2684.64,277.6399999999999,0.1
996,2024-03-30,West,Electronics,44,191.82,7140.18,8440.08,1299.8999999999996,0.15
997,2024-03-30,South,Home Decor,63,279.75,9080.62,17624.25,8543.63,0.48
998,2024-03-30,South,Fashion,56,366.19,14133.4,20506.64,6373.24,0.31
999,2024-03-30,East,Electronics,30,492.91,11746.55,14787.300000000001,3040.750000000002,0.21
