Date,Region,Product_Category,Units_Sold,Unit_Price,Cost
2024-01-01,South,Home Decor,54,188.11,5889.21
2024-01-01,East,Fashion,95,453.23,35034.6
2024-01-01,South,Home Decor,21,435.79,6832.31
2024-01-01,East,Electronics,67,152.91,7914.66
2024-01-01,North,Electronics,51,489.7,17553.04
2024-01-01,East,Electronics,46,338.84,9956.03
2024-01-01,East,Fashion,85,159.68,9662.28
2024-01-01,West,Fashion,79,425.93,26853.89
2024-01-01,North,Electronics,42,354.26,12091.4
2024-01-01,West,Electronics,32,456.69,8990.61
2024-01-01,South,Electronics,30,226.34,5513.61
2024-01-01,North,Home Decor,58,434.62,20792.31
2024-01-01,West,Electronics,58,284.48,13436.98
2024-01-01,North,Electronics,90,334.24,26558.41
2024-01-01,North,Fashion,22,248.79,2778.17
2024-01-01,South,Home Decor,82,296.5,21737.52
2024-01-01,South,Home Decor,80,311.98,18656.62
2024-01-01,North,Electronics,21,53.01,700.8
2024-01-02,North,Home Decor,89,476.93,30931.63
2024-01-02,North,Fashion,30,223.53,3680.22
2024-01-02,South,Electronics,61,243.55,8717.56
2024-01-02,South,Fashion,72,408.31,22064.29
2024-01-02,South,Fashion,64,69.35,3856.73
2024-01-02,North,Home Decor,41,345.22,11627.56
2024-01-02,South,Electronics,56,365.39,13199.96
2024-01-02,North,Home Decor,63,57.12,2778.78
2024-01-02,East,Electronics,74,219.64,13951.13
2024-01-02,South,Electronics,29,102.21,2221.26
2024-01-02,North,Home Decor,48,482.08,16886.87
2024-01-02,North,Electronics,56,351.97,11809.43
2024-01-02,East,Home Decor,70,397.89,15215.17
2024-01-02,South,Fashion,92,240.07,15637.85
2024-01-02,West,Fashion,95,393.61,20758.85
2024-01-03,West,Home Decor,65,223.98,9326.55
2024-01-03,West,Electronics,54,493.39,16473.38
2024-01-03,East,Home Decor,40,296.26,5929.61
2024-01-03,East,Home Decor,25,307.31,6879.2
2024-01-03,South,Electronics,37,189.5,3582.18
2024-01-03,South,Electronics,89,264.19,18378.47
2024-01-03,South,Electronics,17,317.21,4785.74
2024-01-03,North,Home Decor,73,75.97,3464.58
2024-01-03,East,Electronics,51,249.74,8805.34
2024-01-03,East,Home Decor,19,254.69,3834.28
2024-01-03,North,Fashion,39,328.88,11243.72
2024-01-03,East,Home Decor,96,274.21,14132.58
2024-01-03,North,Fashion,74,233.65,11390.36
2024-01-03,West,Fashion,24,170.42,3243.25
2024-01-04,South,Electronics,34,223.16,3939.68
2024-01-04,South,Home Decor,43,421.98,13352.31
2024-01-04,North,Electronics,56,401.91,13052.61
2024-01-04,South,Electronics,55,314.83,10168.96
2024-01-04,South,Home Decor,54,77.28,3094.45
2024-01-04,East,Electronics,91,298.43,14072.31
2024-01-04,West,Home Decor,39,125.65,3419.51
2024-01-04,West,Home Decor,29,389.22,7539.29
2024-01-04,West,Fashion,56,432.13,15305.04
2024-01-04,East,Fashion,21,232.71,3940.75
2024-01-04,West,Electronics,20,331.34,5042.29
2024-01-04,East,Fashion,72,140.48,7180.93
2024-01-04,North,Home Decor,64,88.4,3256.83
2024-01-05,East,Electronics,71,112.3,5380.55
2024-01-05,West,Fashion,48,181.01,7766.97
2024-01-05,North,Electronics,16,218.52,2251.34
2024-01-05,North,Home Decor,87,327.75,17605.09
2024-01-05,North,Electronics,28,472.29,7508.68
2024-01-05,West,Home Decor,16,431.24,4726.09
2024-01-05,East,Home Decor,68,322.48,13700.24
2024-01-05,West,Home Decor,27,289.96,4801.83
2024-01-05,West,Electronics,26,466.05,8929.49
2024-01-05,South,Fashion,28,207.0,3422.04
2024-01-05,North,Fashion,77,402.7,25703.55
2024-01-05,South,Electronics,71,106.86,4875.66
2024-01-05,East,Home Decor,57,370.96,15367.08
2024-01-06,North,Home Decor,27,350.09,7356.35
2024-01-06,West,Electronics,92,477.14,34665.06
2024-01-06,North,Home Decor,24,131.14,2305.65
2024-01-06,West,Fashion,14,321.37,2686.15
2024-01-06,North,Electronics,41,495.15,15139.79
2024-01-06,West,Fashion,47,210.13,5377.1
2024-01-06,North,Electronics,60,355.54,16435.38
2024-01-06,East,Electronics,64,348.89,11384.36
2024-01-06,South,Electronics,69,209.16,12016.35
2024-01-06,East,Home Decor,25,143.27,2923.7
2024-01-06,North,Electronics,46,421.99,14990.04
2024-01-06,North,Fashion,78,391.33,25931.44
2024-01-07,North,Home Decor,38,460.03,14228.04
2024-01-07,East,Home Decor,63,254.11,9943.66
2024-01-07,North,Home Decor,53,242.38,10277.06
2024-01-07,North,Electronics,64,335.49,13963.3
2024-01-07,South,Fashion,25,301.54,4438.01
2024-01-07,South,Fashion,33,454.75,8694.86
2024-01-07,East,Fashion,73,403.86,26470.91
2024-01-07,North,Home Decor,13,246.87,2739.92
2024-01-08,East,Home Decor,93,306.79,19237.57
2024-01-08,North,Electronics,31,460.18,12057.32
2024-01-08,South,Electronics,14,354.01,4162.23
2024-01-08,West,Home Decor,10,448.06,3484.15
2024-01-08,East,Home Decor,57,54.54,1822.0
2024-01-08,South,Electronics,54,451.27,12724.45
2024-01-08,North,Home Decor,90,74.48,5738.31
2024-01-08,North,Fashion,39,106.58,3401.79
2024-01-08,West,Home Decor,48,188.98,4718.97
2024-01-08,North,Fashion,91,470.75,38143.74
2024-01-08,North,Electronics,22,172.15,2831.91
2024-01-08,South,Fashion,43,494.03,13683.87
2024-01-08,North,Electronics,27,419.27,8467.43
2024-01-08,North,Fashion,37,178.48,3731.22
2024-01-08,East,Home Decor,21,257.83,3308.96
2024-01-09,North,Electronics,78,382.56,23013.72
2024-01-09,South,Fashion,64,442.69,20655.76
2024-01-09,East,Electronics,60,295.03,12520.67
2024-01-09,East,Home Decor,66,267.13,8859.42
2024-01-09,North,Fashion,58,148.6,7010.53
2024-01-09,North,Home Decor,55,193.37,6625.95
2024-01-09,West,Home Decor,19,287.27,4598.22
2024-01-09,North,Home Decor,60,55.17,2120.92
2024-01-09,East,Electronics,69,441.39,20933.32
2024-01-09,West,Fashion,86,288.45,18472.52
2024-01-09,East,Fashion,65,319.48,14977.51
2024-01-09,East,Electronics,88,105.45,5203.58
2024-01-09,West,Fashion,43,469.55,13311.94
2024-01-10,East,Home Decor,33,281.39,6318.82
2024-01-10,East,Home Decor,71,325.52,11725.94
2024-01-10,North,Home Decor,95,50.91,2428.68
2024-01-10,North,Electronics,19,394.32,3866.78
2024-01-10,South,Electronics,76,275.71,11570.81
2024-01-10,North,Electronics,54,222.48,6399.42
2024-01-10,North,Home Decor,65,378.16,15387.43
2024-01-10,South,Home Decor,41,70.23,1919.15
2024-01-11,West,Home Decor,34,135.83,2414.62
2024-01-11,East,Electronics,37,480.34,15570.08
2024-01-11,South,Fashion,74,220.65,14615.28
2024-01-11,West,Electronics,83,296.77,13717.56
2024-01-11,South,Electronics,69,272.6,9530.77
2024-01-12,East,Home Decor,59,230.42,6955.93
2024-01-12,West,Electronics,39,128.41,4278.65
2024-01-12,West,Electronics,52,370.83,10706.13
2024-01-12,North,Electronics,12,252.55,2438.63
2024-01-12,South,Fashion,33,226.76,4460.13
2024-01-12,South,Fashion,97,310.48,22620.49
2024-01-12,West,Electronics,23,402.79,7653.23
2024-01-12,North,Fashion,94,379.09,20634.34
2024-01-12,South,Home Decor,50,321.48,12602.87
2024-01-12,North,Home Decor,96,481.32,38251.95
2024-01-12,East,Fashion,85,296.09,14253.96
2024-01-12,South,Electronics,15,142.8,1767.95
2024-01-12,East,Home Decor,76,149.22,6502.55
2024-01-12,North,Electronics,90,197.17,12299.01
2024-01-13,North,Fashion,92,425.14,24605.55
2024-01-13,East,Electronics,35,327.34,9141.4
2024-01-13,West,Electronics,63,153.13,7108.11
2024-01-13,South,Fashion,77,70.05,4168.7
2024-01-13,West,Fashion,45,335.59,13034.06
2024-01-13,East,Electronics,34,200.12,4655.81
2024-01-13,East,Fashion,61,285.24,15184.3
2024-01-13,East,Electronics,39,221.65,4687.28
2024-01-13,South,Electronics,32,491.77,11382.96
2024-01-13,East,Fashion,28,218.08,4959.12
2024-01-13,North,Fashion,42,429.48,11980.92
2024-01-14,South,Home Decor,31,175.31,4330.94
2024-01-14,East,Electronics,42,212.98,5365.32
2024-01-14,North,Electronics,28,228.07,3725.31
2024-01-14,East,Home Decor,50,53.58,2260.6
2024-01-14,East,Fashion,11,478.15,4703.82
2024-01-14,North,Home Decor,95,358.43,18762.97
2024-01-14,East,Electronics,69,217.02,11500.52
2024-01-14,West,Fashion,82,103.32,5209.84
2024-01-14,South,Electronics,56,64.14,2321.6
2024-01-14,East,Electronics,64,174.31,6691.09
2024-01-14,West,Electronics,68,414.62,14764.46
2024-01-15,North,Electronics,67,312.47,15146.96
2024-01-15,West,Fashion,89,479.09,27286.48
2024-01-15,East,Fashion,54,171.04,7521.24
2024-01-15,West,Fashion,39,237.27,4828.37
2024-01-15,East,Electronics,90,399.42,17976.58
2024-01-15,West,Fashion,93,360.54,27796.48
2024-01-15,West,Home Decor,25,123.75,2484.24
2024-01-15,West,Electronics,81,478.61,29661.66
2024-01-15,North,Fashion,18,225.81,2581.06
2024-01-15,North,Fashion,28,215.48,4238.69
2024-01-15,East,Electronics,79,198.61,12548.55
2024-01-16,North,Electronics,68,280.72,14730.56
2024-01-16,East,Electronics,79,267.02,15833.23
2024-01-16,North,Electronics,51,196.85,7154.69
2024-01-16,East,Home Decor,63,482.52,17264.95
2024-01-16,South,Electronics,87,142.0,9464.97
2024-01-16,South,Fashion,28,142.43,2864.34
2024-01-16,South,Fashion,64,448.53,19581.84
2024-01-16,West,Fashion,45,114.77,3664.01
2024-01-16,South,Fashion,62,366.71,13985.67
2024-01-16,East,Fashion,73,218.1,9559.66
2024-01-16,North,Electronics,71,144.51,6730.29
2024-01-16,North,Fashion,58,388.69,13638.87
2024-01-16,West,Fashion,73,403.94,15520.06
2024-01-17,North,Fashion,76,68.89,3727.71
2024-01-17,North,Electronics,48,452.59,12075.24
2024-01-17,North,Electronics,67,297.19,12855.91
2024-01-17,West,Electronics,39,92.71,3004.64
2024-01-17,South,Electronics,34,380.07,9227.37
2024-01-17,North,Home Decor,38,386.7,10538.96
2024-01-17,West,Fashion,70,170.98,6609.07
2024-01-17,North,Home Decor,28,73.36,1707.75
2024-01-17,East,Electronics,26,92.45,1636.02
2024-01-17,North,Electronics,20,246.39,3625.31
2024-01-17,South,Fashion,22,414.2,6108.73
2024-01-17,East,Home Decor,21,65.75,1046.55
2024-01-17,East,Home Decor,54,183.17,8239.03
2024-01-17,North,Electronics,33,409.87,7581.82
2024-01-17,North,Home Decor,97,398.44,33323.49
2024-01-17,West,Home Decor,17,462.05,4966.03
2024-01-18,East,Home Decor,54,359.62,14770.58
2024-01-18,East,Electronics,69,421.15,19158.57
2024-01-18,East,Electronics,39,133.71,4198.65
2024-01-18,South,Fashion,12,394.16,4145.39
2024-01-18,North,Fashion,45,357.55,10087.02
2024-01-18,West,Fashion,65,207.48,10403.21
2024-01-18,North,Fashion,68,384.14,20025.98
2024-01-18,South,Electronics,73,459.6,24680.24
2024-01-18,East,Electronics,39,411.58,9724.17
2024-01-19,North,Fashion,95,237.02,13275.81
2024-01-19,East,Fashion,20,142.01,2226.85
2024-01-19,East,Electronics,48,186.63,7012.57
2024-01-19,East,Fashion,56,438.34,14942.14
2024-01-19,North,Electronics,66,290.76,10732.81
2024-01-19,East,Fashion,93,403.19,28593.25
2024-01-19,South,Home Decor,29,496.6,9113.84
2024-01-19,West,Home Decor,97,401.45,20014.55
2024-01-19,West,Fashion,79,280.24,12085.69
2024-01-19,East,Home Decor,36,491.2,12373.31
2024-01-19,South,Electronics,27,236.39,4582.08
2024-01-19,East,Electronics,34,236.51,6874.12
2024-01-19,South,Home Decor,57,145.89,5701.49
2024-01-19,West,Home Decor,57,275.04,13003.4
2024-01-19,East,Home Decor,79,402.99,16891.53
2024-01-20,North,Electronics,26,51.41,1100.19
2024-01-20,East,Fashion,28,103.29,2256.35
2024-01-20,North,Fashion,11,280.53,1674.17
2024-01-20,West,Home Decor,33,64.76,1292.8
2024-01-20,South,Electronics,41,141.61,4996.84
2024-01-20,West,Home Decor,24,431.27,6165.34
2024-01-20,North,Electronics,41,249.96,6148.08
2024-01-20,South,Home Decor,37,293.33,5816.96
2024-01-21,West,Electronics,64,337.25,11762.11
2024-01-21,West,Electronics,31,199.87,3726.59
2024-01-21,West,Fashion,10,375.41,2699.16
2024-01-21,East,Electronics,37,499.79,16625.42
2024-01-21,East,Home Decor,47,207.59,7289.96
2024-01-21,West,Home Decor,90,473.2,25600.47
2024-01-21,West,Home Decor,13,396.85,4040.82
2024-01-21,West,Electronics,35,468.58,10670.23
2024-01-21,South,Home Decor,55,298.34,9868.93
2024-01-21,North,Electronics,26,52.41,948.63
2024-01-21,East,Home Decor,48,475.3,18851.72
2024-01-22,East,Electronics,25,391.58,8251.34
2024-01-22,South,Fashion,30,164.4,2859.58
2024-01-22,South,Electronics,79,458.24,18465.93
2024-01-22,West,Fashion,43,187.72,4440.79
2024-01-22,North,Electronics,35,270.84,5967.21
2024-01-22,North,Electronics,79,81.2,4715.38
2024-01-22,North,Electronics,30,470.88,10156.4
2024-01-22,South,Electronics,23,383.07,5388.35
2024-01-23,East,Fashion,51,358.57,14269.22
2024-01-23,South,Electronics,83,303.15,21756.86
2024-01-23,North,Fashion,91,439.34,27969.5
2024-01-23,East,Home Decor,74,206.13,7773.92
2024-01-23,East,Fashion,81,181.17,12252.04
2024-01-23,East,Home Decor,11,162.29,1439.46
2024-01-23,East,Electronics,45,259.62,10178.38
2024-01-23,South,Home Decor,92,461.63,24107.0
2024-01-23,East,Home Decor,68,287.93,14687.01
2024-01-23,North,Home Decor,65,360.5,19806.42
2024-01-23,North,Home Decor,58,282.39,8763.54
2024-01-23,West,Electronics,43,120.8,4564.33
2024-01-23,South,Electronics,34,244.12,7135.61
2024-01-23,South,Fashion,69,311.99,18627.43
2024-01-24,North,Home Decor,70,55.86,3320.71
2024-01-24,West,Home Decor,33,141.55,3957.71
2024-01-24,East,Home Decor,85,455.62,31166.25
2024-01-24,East,Electronics,84,439.95,23469.14
2024-01-24,West,Fashion,59,72.72,3261.49
2024-01-24,North,Home Decor,53,108.47,3657.56
2024-01-24,North,Fashion,42,73.35,2057.91
2024-01-24,East,Fashion,95,177.49,10628.33
2024-01-24,West,Fashion,29,472.84,12324.17
2024-01-24,West,Electronics,92,120.01,6320.58
2024-01-24,North,Fashion,23,83.67,1444.82
2024-01-24,West,Home Decor,44,327.16,7734.14
2024-01-24,West,Home Decor,10,494.45,4257.62
2024-01-24,West,Fashion,59,148.91,6491.9
2024-01-24,South,Electronics,81,445.77,24764.07
2024-01-24,South,Fashion,72,281.23,11602.09
2024-01-24,North,Electronics,50,336.22,10510.57
2024-01-25,West,Fashion,39,360.81,8137.63
2024-01-25,North,Fashion,28,153.86,3359.16
2024-01-25,West,Fashion,24,408.9,5670.09
2024-01-25,East,Electronics,51,208.67,8645.55
2024-01-25,West,Fashion,20,86.1,1310.77
2024-01-25,South,Electronics,48,250.87,8441.23
2024-01-25,South,Electronics,29,55.17,851.83
2024-01-25,South,Electronics,56,417.38,13708.43
2024-01-25,South,Home Decor,72,493.81,22086.59
2024-01-25,North,Electronics,99,104.91,6355.84
2024-01-26,East,Fashion,78,401.98,17332.3
2024-01-26,North,Home Decor,39,301.07,6644.07
2024-01-26,South,Fashion,70,360.4,18700.93
2024-01-26,South,Fashion,48,172.11,6129.34
2024-01-26,East,Home Decor,31,77.27,1613.57
2024-01-26,North,Home Decor,29,429.05,8182.83
2024-01-26,West,Fashion,36,265.32,6047.19
2024-01-26,West,Fashion,12,109.18,997.49
2024-01-26,South,Fashion,30,63.28,1063.63
2024-01-26,East,Electronics,81,99.53,4250.16
2024-01-26,East,Electronics,82,473.35,24355.29
2024-01-26,South,Home Decor,91,437.47,29654.71
2024-01-27,North,Electronics,97,285.14,23738.78
2024-01-27,East,Fashion,91,346.6,17015.99
2024-01-27,North,Fashion,62,249.38,11631.53
2024-01-27,South,Electronics,60,394.12,14790.91
2024-01-27,West,Home Decor,10,84.94,695.32
2024-01-27,North,Fashion,41,176.4,4351.77
2024-01-27,West,Electronics,23,491.74,8899.27
2024-01-27,South,Electronics,65,57.72,3359.42
2024-01-27,North,Home Decor,13,201.63,2128.6
2024-01-27,East,Electronics,43,106.41,3119.49
2024-01-27,East,Fashion,27,71.9,1743.78
2024-01-28,North,Fashion,62,234.38,9379.51
2024-01-28,East,Electronics,22,141.87,2520.53
2024-01-28,East,Home Decor,47,107.32,3121.98
2024-01-28,South,Fashion,50,425.21,12321.0
2024-01-28,East,Fashion,22,315.6,4538.19
2024-01-28,South,Fashion,10,118.55,807.47
2024-01-28,South,Electronics,80,302.39,20543.35
2024-01-28,North,Home Decor,57,256.37,7925.28
2024-01-28,North,Fashion,24,477.08,8397.85
2024-01-28,North,Electronics,36,149.22,3673.64
2024-01-29,East,Home Decor,18,80.75,840.13
2024-01-29,North,Electronics,80,318.69,21288.81
2024-01-29,East,Fashion,85,284.72,17435.04
2024-01-29,West,Fashion,72,295.51,18117.29
2024-01-29,East,Fashion,85,498.32,34834.2
2024-01-29,West,Fashion,60,222.16,9861.92
2024-01-29,West,Home Decor,10,243.04,2092.83
2024-01-29,South,Fashion,66,273.79,12546.59
2024-01-30,East,Fashion,68,232.59,9117.25
2024-01-30,North,Fashion,46,367.99,14664.59
2024-01-30,North,Electronics,96,398.15,26364.82
2024-01-30,North,Home Decor,13,471.34,4507.17
2024-01-30,North,Electronics,87,491.92,22173.91
2024-01-30,East,Fashion,59,266.84,10656.83
2024-01-30,North,Fashion,30,420.95,6887.79
2024-01-30,East,Fashion,70,436.92,26232.42
2024-01-30,South,Fashion,35,453.95,10555.25
2024-01-30,East,Fashion,10,324.33,2686.01
2024-01-31,West,Fashion,12,373.62,3967.42
2024-01-31,South,Home Decor,39,383.28,10602.34
2024-01-31,East,Fashion,50,325.1,12119.59
2024-01-31,West,Home Decor,43,124.71,3229.84
2024-02-01,East,Electronics,78,471.32,28695.45
2024-02-01,North,Home Decor,72,445.7,25788.96
2024-02-01,South,Fashion,66,281.61,15497.9
2024-02-01,South,Home Decor,78,450.0,20640.05
2024-02-01,East,Home Decor,59,379.46,16220.26
2024-02-01,West,Electronics,23,197.4,3704.83
2024-02-01,West,Electronics,97,251.97,14517.95
2024-02-01,East,Electronics,59,237.04,12306.56
2024-02-01,South,Electronics,59,437.68,17512.07
2024-02-01,East,Electronics,11,413.64,3289.33
2024-02-01,East,Fashion,94,113.98,5398.57
2024-02-01,North,Electronics,29,462.47,6928.06
2024-02-02,East,Home Decor,55,76.87,2691.32
2024-02-02,East,Fashion,70,146.6,5245.29
2024-02-02,West,Fashion,53,131.78,5148.22
2024-02-02,East,Home Decor,82,382.73,17278.53
2024-02-02,North,Fashion,95,488.47,24019.8
2024-02-02,South,Home Decor,32,351.19,8830.5
2024-02-02,South,Fashion,20,296.61,3319.99
2024-02-02,South,Electronics,94,182.86,8939.67
2024-02-02,South,Home Decor,17,286.59,4275.55
2024-02-02,West,Home Decor,46,429.91,11723.57
2024-02-02,West,Electronics,77,216.27,10371.17
2024-02-02,East,Fashion,49,77.6,2560.95
2024-02-02,West,Home Decor,12,289.41,2803.52
2024-02-02,North,Fashion,41,136.0,4377.93
2024-02-02,North,Electronics,13,322.77,3006.03
2024-02-02,South,Home Decor,90,496.3,38471.22
2024-02-02,East,Home Decor,12,131.09,1383.21
2024-02-02,North,Electronics,83,389.24,24270.5
2024-02-02,South,Home Decor,17,413.24,5547.72
2024-02-02,West,Electronics,84,190.39,11618.52
2024-02-03,West,Home Decor,63,263.03,10094.65
2024-02-03,West,Home Decor,37,490.53,14650.4
2024-02-03,North,Electronics,51,313.1,10635.55
2024-02-03,East,Fashion,15,440.89,3345.21
2024-02-03,West,Electronics,79,427.22,28437.98
2024-02-03,North,Fashion,46,410.03,9890.37
2024-02-03,North,Electronics,29,84.72,1942.74
2024-02-03,South,Electronics,28,485.27,10906.78
2024-02-03,North,Home Decor,64,102.68,4279.64
2024-02-03,West,Electronics,36,220.61,5003.19
2024-02-03,West,Electronics,91,383.72,17554.44
2024-02-04,East,Fashion,24,141.81,2445.98
2024-02-04,South,Electronics,86,450.45,26004.27
2024-02-04,North,Fashion,57,281.02,10389.66
2024-02-04,East,Home Decor,99,423.39,37584.82
2024-02-04,South,Fashion,11,180.51,999.21
2024-02-04,West,Home Decor,43,59.3,1781.76
2024-02-04,South,Electronics,42,327.76,9148.14
2024-02-04,West,Electronics,40,488.57,11456.0
2024-02-04,East,Home Decor,79,296.13,12529.87
2024-02-04,West,Electronics,45,302.58,8295.15
2024-02-04,North,Home Decor,85,109.24,8065.35
2024-02-04,South,Fashion,97,249.49,18824.66
2024-02-05,North,Home Decor,43,281.12,6249.43
2024-02-05,East,Fashion,79,247.59,10257.88
2024-02-05,South,Electronics,75,367.79,16654.14
2024-02-05,North,Home Decor,37,317.66,8765.63
2024-02-05,West,Electronics,54,466.27,14414.49
2024-02-05,South,Home Decor,85,448.23,30576.17
2024-02-05,South,Home Decor,30,329.92,7400.39
2024-02-05,West,Fashion,56,422.04,14518.04
2024-02-05,East,Home Decor,55,270.22,9188.73
2024-02-05,South,Electronics,30,289.21,6682.91
2024-02-05,South,Electronics,70,53.92,2135.74
2024-02-05,East,Fashion,57,260.67,12025.51
2024-02-05,North,Home Decor,30,153.61,2519.68
2024-02-06,South,Home Decor,98,463.72,33936.98
2024-02-06,South,Fashion,47,242.37,6271.06
2024-02-06,West,Home Decor,93,288.83,14076.3
2024-02-06,East,Fashion,66,213.71,8856.4
2024-02-06,East,Electronics,81,407.52,23417.51
2024-02-06,West,Fashion,69,334.47,17912.61
2024-02-06,West,Fashion,13,121.41,869.4
2024-02-06,North,Fashion,28,420.42,6621.77
2024-02-07,North,Electronics,24,71.44,919.95
2024-02-07,North,Fashion,13,353.81,3682.71
2024-02-07,North,Electronics,81,447.97,22239.61
2024-02-07,North,Fashion,72,453.22,22066.61
2024-02-07,West,Electronics,43,257.69,9456.53
2024-02-07,South,Fashion,75,442.16,28925.79
2024-02-07,West,Fashion,58,399.56,19511.11
2024-02-07,East,Electronics,13,456.48,5258.23
2024-02-07,East,Home Decor,28,176.86,3740.78
2024-02-07,North,Home Decor,60,168.8,9093.25
2024-02-07,East,Fashion,95,50.2,3484.18
2024-02-07,South,Electronics,30,337.56,8865.67
2024-02-08,East,Electronics,44,85.35,2215.09
2024-02-08,West,Fashion,77,312.6,20600.01
2024-02-08,North,Fashion,36,427.92,11697.02
2024-02-08,East,Home Decor,63,386.05,16672.77
2024-02-08,East,Electronics,93,125.12,10200.62
2024-02-08,South,Electronics,58,412.63,16647.82
2024-02-08,South,Fashion,31,457.96,10312.93
2024-02-08,South,Home Decor,24,385.59,7833.8
2024-02-08,East,Fashion,43,436.53,14449.0
2024-02-08,West,Home Decor,56,183.55,7824.02
2024-02-08,East,Electronics,75,379.59,15779.8
2024-02-08,South,Electronics,70,434.4,16959.26
2024-02-09,East,Fashion,24,106.35,1462.78
2024-02-09,West,Electronics,23,62.38,1115.27
2024-02-09,North,Fashion,20,172.17,2649.63
2024-02-09,North,Electronics,71,354.89,20566.15
2024-02-09,North,Home Decor,29,261.89,5682.05
2024-02-09,West,Fashion,54,101.49,3458.0
2024-02-09,North,Electronics,99,68.75,4199.5
2024-02-09,West,Fashion,54,437.59,16470.95
2024-02-09,East,Home Decor,88,124.39,9086.37
2024-02-10,West,Home Decor,17,361.05,5298.23
2024-02-10,South,Home Decor,12,296.02,1929.03
2024-02-10,North,Home Decor,39,341.5,7184.5
2024-02-10,East,Fashion,44,143.19,5516.59
2024-02-10,North,Fashion,90,84.37,5678.62
2024-02-11,North,Fashion,98,414.44,25162.81
2024-02-11,South,Electronics,81,303.5,16658.91
2024-02-11,West,Electronics,22,147.3,2158.91
2024-02-11,East,Electronics,26,57.23,1191.25
2024-02-11,West,Home Decor,26,134.11,2897.38
2024-02-11,East,Electronics,86,154.3,10708.72
2024-02-11,South,Electronics,57,231.05,9838.03
2024-02-11,South,Electronics,13,108.32,1236.18
2024-02-11,North,Electronics,97,421.92,28263.03
2024-02-11,East,Home Decor,41,329.41,8671.44
2024-02-12,South,Electronics,32,278.0,4668.21
2024-02-12,West,Electronics,56,280.73,12925.87
2024-02-12,South,Fashion,44,384.27,14148.62
2024-02-12,East,Fashion,91,468.77,24286.83
2024-02-12,North,Electronics,14,353.42,3916.32
2024-02-13,South,Home Decor,30,438.78,9336.24
2024-02-13,North,Home Decor,44,79.94,1819.62
2024-02-13,East,Home Decor,96,368.0,22027.75
2024-02-13,East,Home Decor,85,468.86,35810.37
2024-02-13,North,Fashion,86,389.12,21685.21
2024-02-13,East,Electronics,49,247.27,7986.46
2024-02-13,West,Fashion,94,412.14,21823.73
2024-02-13,South,Fashion,26,459.98,8641.71
2024-02-13,South,Home Decor,33,342.93,9753.93
2024-02-13,South,Fashion,18,332.8,4350.04
2024-02-13,West,Home Decor,81,473.19,27017.14
2024-02-13,North,Fashion,21,146.28,1810.03
2024-02-14,South,Home Decor,19,141.65,1938.28
2024-02-14,East,Fashion,17,374.87,3356.41
2024-02-14,North,Home Decor,60,261.18,10906.06
2024-02-14,West,Home Decor,17,423.19,6081.94
2024-02-14,North,Home Decor,51,131.78,4302.41
2024-02-14,South,Home Decor,35,370.75,9101.79
2024-02-14,North,Home Decor,49,290.43,7614.14
2024-02-14,East,Electronics,84,467.9,20363.18
2024-02-14,South,Electronics,91,296.01,16894.64
2024-02-14,East,Electronics,42,104.67,2329.32
2024-02-15,South,Electronics,20,302.04,4965.45
2024-02-15,West,Fashion,71,63.89,2655.85
2024-02-15,South,Home Decor,84,252.72,18001.22
2024-02-15,West,Fashion,15,212.77,2613.51
2024-02-15,North,Home Decor,55,351.8,9865.55
2024-02-15,West,Fashion,24,440.78,8859.7
2024-02-15,South,Home Decor,20,334.5,3592.53
2024-02-16,North,Electronics,86,151.27,8449.79
2024-02-16,North,Electronics,72,81.41,4515.16
2024-02-16,West,Home Decor,44,146.03,5417.71
2024-02-16,East,Fashion,62,443.93,22746.42
2024-02-16,South,Fashion,23,87.76,1532.51
2024-02-16,North,Home Decor,67,381.69,20496.78
2024-02-16,North,Home Decor,61,256.11,12757.28
2024-02-16,West,Electronics,60,257.53,7828.97
2024-02-16,East,Home Decor,82,59.96,3138.1
2024-02-16,North,Fashion,80,499.76,32344.73
2024-02-16,South,Fashion,39,142.24,3426.64
2024-02-16,North,Fashion,33,69.28,1572.86
2024-02-16,West,Home Decor,25,355.5,7546.04
2024-02-17,South,Fashion,21,164.89,1863.94
2024-02-17,West,Electronics,17,140.25,1453.81
2024-02-17,West,Electronics,44,424.77,14814.06
2024-02-17,East,Fashion,69,352.24,16515.23
2024-02-17,East,Home Decor,18,189.54,2656.63
2024-02-17,West,Electronics,98,430.63,30492.07
2024-02-17,East,Home Decor,93,299.97,18795.59
2024-02-17,West,Fashion,50,252.81,7003.24
2024-02-17,East,Home Decor,57,224.26,9128.81
2024-02-17,North,Fashion,24,381.29,5739.66
2024-02-17,South,Fashion,77,221.31,8968.22
2024-02-18,East,Home Decor,49,114.97,3024.3
2024-02-18,East,Home Decor,47,132.26,3697.62
2024-02-18,South,Home Decor,97,228.85,15027.17
2024-02-18,West,Home Decor,68,418.04,21399.85
2024-02-18,West,Home Decor,49,397.84,13272.3
2024-02-18,East,Electronics,74,468.18,21800.22
2024-02-18,South,Fashion,23,161.38,2042.3
2024-02-18,West,Electronics,44,311.46,6909.64
2024-02-18,West,Home Decor,14,282.92,3210.36
2024-02-18,South,Home Decor,84,217.17,14136.28
2024-02-19,East,Fashion,21,441.32,5399.67
2024-02-19,East,Fashion,54,456.6,17181.12
2024-02-19,East,Electronics,44,252.85,5656.25
2024-02-19,West,Home Decor,82,56.02,2373.93
2024-02-19,South,Fashion,32,139.66,2608.99
2024-02-19,West,Electronics,54,310.63,14526.07
2024-02-19,East,Fashion,20,105.97,1494.76
2024-02-19,South,Home Decor,53,376.58,14722.7
2024-02-19,East,Electronics,95,492.49,28457.83
2024-02-19,East,Electronics,75,151.2,7657.57
2024-02-19,West,Fashion,50,367.77,16312.83
2024-02-20,North,Fashion,46,78.41,2359.03
2024-02-20,West,Home Decor,30,418.11,6935.97
2024-02-20,East,Electronics,13,236.74,1864.39
2024-02-20,North,Home Decor,12,117.77,721.21
2024-02-20,East,Home Decor,34,192.45,4718.41
2024-02-20,North,Home Decor,23,274.36,4708.11
2024-02-20,South,Fashion,67,99.94,5852.75
2024-02-20,West,Fashion,94,129.24,10270.23
2024-02-20,North,Electronics,49,317.91,9368.89
2024-02-20,North,Electronics,79,201.8,10777.3
2024-02-20,South,Electronics,77,274.12,17364.99
2024-02-20,South,Home Decor,75,186.12,7969.62
2024-02-20,South,Fashion,76,94.36,4697.1
2024-02-20,North,Electronics,21,109.69,2039.2
2024-02-20,South,Home Decor,53,333.52,15325.88
2024-02-21,East,Home Decor,81,339.92,20950.53
2024-02-21,North,Fashion,41,258.8,7514.35
2024-02-21,North,Fashion,69,328.55,12162.96
2024-02-21,East,Home Decor,99,453.08,32773.05
2024-02-21,East,Fashion,88,444.81,31683.7
2024-02-21,West,Fashion,80,364.24,19506.34
2024-02-21,East,Electronics,82,292.47,21010.82
2024-02-21,West,Electronics,25,252.09,3512.61
2024-02-21,North,Fashion,85,123.27,5956.9
2024-02-21,West,Home Decor,99,233.95,19267.43
2024-02-21,East,Electronics,90,485.17,35492.04
2024-02-21,North,Fashion,58,261.29,13571.66
2024-02-21,North,Electronics,44,82.45,2018.66
2024-02-22,East,Fashion,94,456.39,24300.22
2024-02-22,South,Electronics,65,474.34,18531.89
2024-02-22,South,Electronics,83,298.4,20248.96
2024-02-22,West,Fashion,58,341.47,10880.22
2024-02-22,North,Electronics,18,451.35,5237.4
2024-02-22,North,Home Decor,75,401.33,15680.66
2024-02-22,North,Home Decor,19,170.26,2441.86
2024-02-22,South,Fashion,15,243.74,2332.33
2024-02-22,West,Fashion,40,225.84,4937.62
2024-02-22,South,Electronics,18,374.25,4230.6
2024-02-22,West,Electronics,85,348.12,22019.58
2024-02-22,South,Electronics,94,100.35,6243.54
2024-02-23,South,Fashion,21,70.43,1128.83
2024-02-23,East,Home Decor,58,405.24,17379.69
2024-02-23,West,Electronics,44,352.96,10606.8
2024-02-23,South,Fashion,45,213.96,8035.69
2024-02-23,North,Fashion,86,136.14,9613.95
2024-02-23,North,Electronics,72,420.49,22534.14
2024-02-23,South,Fashion,39,163.77,4170.1
2024-02-23,East,Fashion,58,434.84,19558.79
2024-02-23,North,Electronics,84,294.71,12927.64
2024-02-23,East,Fashion,77,297.2,18653.0
2024-02-23,South,Home Decor,46,110.14,2562.26
2024-02-23,East,Electronics,30,106.31,1948.94
2024-02-24,South,Home Decor,28,307.02,4611.68
2024-02-24,South,Fashion,73,354.86,16494.58
2024-02-24,West,Home Decor,83,164.22,11792.31
2024-02-24,South,Home Decor,35,320.5,5743.46
2024-02-24,East,Electronics,12,223.3,2154.85
2024-02-24,South,Fashion,81,200.06,13774.9
2024-02-24,South,Fashion,69,247.31,14050.1
2024-02-24,West,Electronics,95,409.87,33864.14
2024-02-25,West,Electronics,22,381.3,5302.91
2024-02-25,East,Fashion,44,206.38,6624.75
2024-02-25,North,Fashion,30,56.16,1121.19
2024-02-25,East,Electronics,37,323.78,9782.32
2024-02-25,North,Fashion,38,236.63,7972.42
2024-02-25,North,Home Decor,47,299.61,10525.26
2024-02-25,East,Home Decor,67,154.42,7339.91
2024-02-25,West,Electronics,13,276.8,2965.76
2024-02-25,North,Home Decor,76,127.15,6201.5
2024-02-25,North,Home Decor,60,231.24,7950.99
2024-02-26,South,Home Decor,65,383.25,13144.71
2024-02-26,South,Electronics,99,126.55,10136.37
2024-02-26,East,Electronics,71,474.14,28834.08
2024-02-26,West,Electronics,43,275.49,7427.74
2024-02-26,South,Fashion,82,336.54,23039.99
2024-02-26,North,Fashion,39,466.48,12678.38
2024-02-26,North,Electronics,88,371.59,25904.78
2024-02-26,North,Home Decor,47,101.43,2601.26
2024-02-26,South,Fashion,97,296.09,14534.72
2024-02-26,East,Electronics,35,116.68,2118.33
2024-02-27,East,Home Decor,45,232.06,8137.78
2024-02-27,West,Electronics,84,235.34,12313.75
2024-02-27,South,Home Decor,42,478.8,10310.42
2024-02-27,North,Electronics,13,241.15,2326.74
2024-02-27,North,Fashion,46,250.79,7237.0
2024-02-27,East,Electronics,62,491.86,19475.03
2024-02-27,North,Home Decor,23,403.37,8311.75
2024-02-27,North,Home Decor,39,472.58,16167.8
2024-02-27,South,Home Decor,28,96.4,2038.33
2024-02-27,South,Electronics,66,432.81,22668.47
2024-02-27,West,Fashion,63,112.6,5119.84
2024-02-27,East,Home Decor,47,275.68,7559.55
2024-02-27,South,Fashion,91,311.96,25510.53
2024-02-27,South,Fashion,48,147.23,5806.55
2024-02-27,North,Fashion,37,432.71,8235.24
2024-02-28,West,Electronics,16,174.0,2120.47
2024-02-28,East,Home Decor,73,335.95,16389.73
2024-02-28,West,Home Decor,20,338.29,4015.9
2024-02-28,East,Fashion,74,274.74,14673.58
2024-02-28,East,Fashion,50,401.61,17987.56
2024-02-28,South,Home Decor,75,245.93,9671.7
2024-02-28,South,Home Decor,52,61.23,2112.98
2024-02-28,South,Home Decor,45,107.57,2669.32
2024-02-28,South,Home Decor,16,392.49,4983.39
2024-02-28,North,Home Decor,42,423.23,14207.45
2024-02-28,South,Fashion,69,96.66,4462.34
2024-02-28,North,Electronics,55,175.3,8478.75
2024-02-29,East,Fashion,54,267.95,8478.53
2024-02-29,North,Fashion,93,93.88,4935.85
2024-02-29,East,Fashion,79,308.91,15087.99
2024-02-29,South,Electronics,56,368.82,11645.71
2024-02-29,East,Electronics,27,232.95,5069.95
2024-02-29,South,Electronics,32,445.09,9043.15
2024-02-29,East,Fashion,88,235.24,12391.86
2024-02-29,North,Electronics,48,114.72,3365.83
2024-02-29,East,Fashion,91,280.8,14281.23
2024-02-29,West,Fashion,31,66.17,1725.51
2024-02-29,North,Fashion,69,354.25,18185.21
2024-02-29,South,Electronics,33,304.08,5232.12
2024-02-29,South,Home Decor,40,373.84,8833.04
2024-03-01,West,Fashion,55,189.03,7485.02
2024-03-01,West,Electronics,96,289.35,18323.96
2024-03-01,West,Electronics,49,189.95,5909.56
2024-03-01,West,Home Decor,12,117.32,815.47
2024-03-01,South,Home Decor,21,203.17,3474.09
2024-03-01,West,Electronics,61,225.77,8030.62
2024-03-01,North,Electronics,57,213.09,7880.99
2024-03-01,South,Fashion,89,226.32,11981.91
2024-03-01,West,Fashion,18,349.25,4709.17
2024-03-01,South,Electronics,60,308.93,13566.21
2024-03-01,North,Home Decor,72,283.87,14312.86
2024-03-01,South,Electronics,44,238.73,9010.03
2024-03-02,East,Home Decor,29,263.93,5633.16
2024-03-02,West,Fashion,48,387.23,16543.8
2024-03-02,East,Electronics,23,353.46,5887.7
2024-03-02,North,Electronics,26,335.45,4383.3
2024-03-02,West,Electronics,72,190.79,11873.07
2024-03-02,East,Electronics,67,287.25,11577.76
2024-03-02,South,Fashion,18,444.94,5345.42
2024-03-02,North,Fashion,13,97.16,986.46
2024-03-02,North,Fashion,75,488.92,28940.23
2024-03-02,East,Fashion,78,99.0,4094.7
2024-03-02,South,Fashion,98,91.44,6640.08
2024-03-02,North,Electronics,95,227.84,17693.07
2024-03-02,East,Home Decor,17,381.31,4192.63
2024-03-02,South,Fashion,66,495.59,18832.41
2024-03-02,South,Fashion,57,473.57,14763.07
2024-03-02,North,Electronics,29,392.38,6681.35
2024-03-02,South,Fashion,81,74.85,4457.63
2024-03-02,North,Home Decor,15,404.32,3731.68
2024-03-02,South,Fashion,29,476.98,12047.24
2024-03-02,North,Home Decor,73,133.42,8513.94
2024-03-02,North,Electronics,12,474.07,3563.67
2024-03-02,South,Electronics,96,396.83,20988.73
2024-03-02,North,Fashion,28,256.53,5601.77
2024-03-03,West,Home Decor,53,376.24,15790.75
2024-03-03,East,Fashion,82,127.44,6627.96
2024-03-03,East,Fashion,51,147.75,5435.3
2024-03-03,East,Fashion,30,348.35,6387.89
2024-03-03,West,Home Decor,16,477.14,4649.71
2024-03-03,West,Electronics,24,81.9,1215.84
2024-03-03,South,Home Decor,49,102.29,2670.55
2024-03-03,North,Electronics,11,307.36,2817.29
2024-03-03,North,Home Decor,28,322.47,4599.57
2024-03-03,East,Home Decor,37,346.14,8319.27
2024-03-03,North,Electronics,28,217.96,4524.27
2024-03-03,East,Fashion,76,143.58,6745.71
2024-03-03,South,Fashion,13,354.72,3199.16
2024-03-03,East,Fashion,66,94.94,4557.83
2024-03-04,East,Fashion,85,446.73,22689.09
2024-03-04,East,Home Decor,22,419.74,8135.09
2024-03-04,South,Fashion,35,171.06,5189.48
2024-03-04,East,Home Decor,82,83.32,5178.46
2024-03-04,South,Fashion,69,56.98,2148.99
2024-03-04,South,Home Decor,62,371.83,12752.51
2024-03-04,North,Electronics,19,69.03,970.71
2024-03-04,East,Electronics,75,404.05,16700.7
2024-03-04,West,Electronics,10,399.16,2162.93
2024-03-04,West,Home Decor,78,393.12,20617.85
2024-03-04,West,Fashion,66,434.42,23454.13
2024-03-04,West,Electronics,95,456.44,24163.99
2024-03-04,East,Fashion,97,439.62,30070.61
2024-03-05,East,Fashion,59,359.17,13866.9
2024-03-05,North,Electronics,15,243.99,3037.46
2024-03-05,North,Electronics,56,243.32,7866.24
2024-03-05,East,Fashion,44,245.98,9363.86
2024-03-05,South,Home Decor,70,236.53,13388.15
2024-03-05,South,Fashion,94,399.62,21444.58
2024-03-05,North,Electronics,60,319.9,13175.65
2024-03-05,West,Electronics,46,70.39,1871.78
2024-03-05,North,Electronics,74,87.94,5005.22
2024-03-06,South,Electronics,22,454.21,7853.8
2024-03-06,West,Fashion,75,333.76,16368.25
2024-03-06,West,Fashion,49,422.99,12291.16
2024-03-06,South,Home Decor,77,344.62,15859.47
2024-03-06,West,Electronics,96,152.03,12380.16
2024-03-06,South,Home Decor,91,483.04,28837.67
2024-03-06,West,Home Decor,79,258.48,17508.81
2024-03-06,West,Electronics,17,470.11,4184.88
2024-03-06,South,Electronics,50,103.49,4205.04
2024-03-06,East,Home Decor,43,81.5,2033.69
2024-03-07,East,Fashion,47,333.82,8655.45
2024-03-07,East,Electronics,74,489.28,24483.55
2024-03-07,West,Home Decor,79,447.23,25571.36
2024-03-07,North,Fashion,77,446.75,29496.21
2024-03-07,South,Home Decor,14,190.49,1951.74
2024-03-07,South,Fashion,85,94.21,4979.61
2024-03-07,East,Fashion,99,205.07,17678.24
2024-03-07,East,Home Decor,77,308.23,19887.54
2024-03-07,South,Electronics,90,57.08,2614.26
2024-03-07,West,Fashion,97,450.53,35441.07
2024-03-08,North,Electronics,16,318.55,3594.62
2024-03-08,East,Home Decor,62,401.25,17985.49
2024-03-08,North,Electronics,75,413.72,19962.01
2024-03-08,North,Fashion,36,315.69,7957.56
2024-03-08,West,Fashion,60,209.69,11295.15
2024-03-08,South,Electronics,55,161.21,4866.36
2024-03-09,West,Electronics,33,368.08,9943.16
2024-03-09,East,Fashion,50,128.34,3211.96
2024-03-09,South,Home Decor,52,393.4,17652.16
2024-03-09,East,Fashion,44,397.54,13371.69
2024-03-09,North,Home Decor,43,143.26,3638.67
2024-03-09,North,Fashion,23,299.02,4846.24
2024-03-09,South,Fashion,17,176.47,2076.05
2024-03-09,North,Fashion,42,474.15,12499.2
2024-03-09,South,Fashion,97,119.21,9396.42
2024-03-09,East,Fashion,34,294.11,6217.81
2024-03-09,South,Electronics,96,279.57,21214.52
2024-03-09,East,Electronics,56,282.56,10630.91
2024-03-09,North,Home Decor,42,363.11,12389.11
2024-03-10,South,Home Decor,48,58.91,2075.33
2024-03-10,East,Fashion,72,228.18,8417.74
2024-03-10,West,Fashion,64,120.19,4664.52
2024-03-10,South,Fashion,84,379.85,20190.83
2024-03-10,South,Electronics,49,495.54,14819.05
2024-03-10,North,Electronics,96,243.32,20392.58
2024-03-10,North,Electronics,72,90.82,4843.29
2024-03-10,East,Electronics,87,405.23,26682.21
2024-03-10,North,Electronics,99,233.0,16931.9
2024-03-10,West,Fashion,31,130.05,2267.4
2024-03-10,West,Electronics,13,237.3,1882.45
2024-03-11,East,Home Decor,33,227.63,6545.42
2024-03-11,North,Electronics,42,185.86,4331.11
2024-03-11,East,Fashion,99,256.64,22617.36
2024-03-11,West,Home Decor,58,140.49,6721.66
2024-03-11,West,Home Decor,35,203.81,4866.71
2024-03-11,North,Fashion,94,456.01,30216.36
2024-03-12,East,Fashion,46,478.86,13007.5
2024-03-12,North,Electronics,63,260.14,10627.62
2024-03-12,East,Home Decor,37,145.35,4346.35
2024-03-12,East,Home Decor,18,92.77,1046.39
2024-03-12,South,Home Decor,79,471.82,22215.01
2024-03-12,South,Electronics,56,457.73,17236.7
2024-03-12,West,Fashion,68,375.95,15312.17
2024-03-12,West,Fashion,34,259.27,6259.69
2024-03-12,South,Fashion,47,321.73,11538.87
2024-03-13,West,Home Decor,66,369.56,13804.16
2024-03-13,South,Home Decor,84,391.22,22230.16
2024-03-13,North,Electronics,87,272.37,18859.16
2024-03-13,South,Electronics,37,265.67,7582.27
2024-03-13,West,Fashion,33,51.3,1168.57
2024-03-13,North,Home Decor,62,102.66,5438.92
2024-03-13,East,Electronics,76,272.08,17984.03
2024-03-13,North,Fashion,19,266.7,2688.85
2024-03-14,East,Home Decor,33,339.16,7006.41
2024-03-14,West,Fashion,93,293.62,15334.54
2024-03-14,East,Fashion,78,322.44,17196.09
2024-03-14,South,Home Decor,60,210.19,10601.62
2024-03-14,South,Fashion,13,369.22,4003.21
2024-03-14,East,Fashion,96,417.76,30213.66
2024-03-14,North,Electronics,59,166.2,5645.33
2024-03-14,North,Electronics,60,350.05,14317.98
2024-03-14,North,Home Decor,50,422.65,12736.5
2024-03-14,West,Fashion,71,363.77,14778.78
2024-03-15,East,Electronics,40,84.42,1708.13
2024-03-15,West,Home Decor,26,59.23,1135.92
2024-03-15,West,Electronics,20,193.15,2970.48
2024-03-15,South,Fashion,93,469.91,24753.52
2024-03-15,North,Fashion,43,422.02,11523.11
2024-03-15,West,Home Decor,31,364.34,7131.64
2024-03-15,East,Home Decor,60,164.7,7860.17
2024-03-15,South,Electronics,87,486.61,31938.74
2024-03-15,North,Home Decor,64,146.9,5858.65
2024-03-15,East,Home Decor,26,52.57,709.09
2024-03-15,South,Home Decor,78,420.7,24256.67
2024-03-15,North,Home Decor,66,111.65,6462.99
2024-03-15,North,Fashion,25,160.61,2916.18
2024-03-15,South,Home Decor,99,446.7,24506.0
2024-03-15,East,Home Decor,64,257.0,10721.57
2024-03-15,North,Home Decor,62,108.47,5324.87
2024-03-15,East,Fashion,84,263.73,12155.04
2024-03-16,West,Fashion,84,175.74,10471.73
2024-03-16,East,Home Decor,94,354.13,20177.59
2024-03-16,East,Electronics,48,84.49,2221.71
2024-03-16,West,Home Decor,93,403.29,32236.95
2024-03-16,West,Home Decor,62,297.32,9950.93
2024-03-16,West,Fashion,84,338.73,14921.0
2024-03-16,West,Fashion,32,443.38,7725.22
2024-03-16,South,Fashion,29,482.68,8565.18
2024-03-16,East,Fashion,21,379.28,5015.79
2024-03-17,North,Electronics,50,201.05,8742.09
2024-03-17,North,Home Decor,36,223.8,4247.9
2024-03-17,West,Electronics,86,476.33,22236.4
2024-03-17,West,Electronics,12,336.44,2602.5
2024-03-17,East,Home Decor,52,241.73,10785.35
2024-03-17,North,Electronics,37,410.61,11793.85
2024-03-17,South,Electronics,50,431.57,12274.59
2024-03-17,East,Home Decor,95,206.18,10871.86
2024-03-18,West,Home Decor,70,310.88,10977.23
2024-03-18,North,Home Decor,40,231.25,5784.09
2024-03-18,North,Electronics,76,293.74,12920.27
2024-03-18,North,Fashion,70,233.43,12524.8
2024-03-18,North,Electronics,87,170.0,7912.94
2024-03-18,North,Home Decor,33,376.53,6783.31
2024-03-18,South,Electronics,73,73.49,3403.43
2024-03-18,West,Home Decor,73,328.34,21203.93
2024-03-18,South,Electronics,73,243.67,13533.7
2024-03-19,South,Fashion,50,56.39,2300.14
2024-03-19,South,Fashion,55,449.81,14923.93
2024-03-19,North,Electronics,25,214.52,2826.04
2024-03-19,West,Fashion,89,457.89,26191.75
2024-03-19,West,Fashion,60,386.53,11663.94
2024-03-19,South,Fashion,56,421.66,11923.04
2024-03-19,North,Electronics,28,488.41,9352.08
2024-03-19,West,Fashion,65,399.56,19000.44
2024-03-20,South,Fashion,37,363.48,9235.15
2024-03-20,East,Electronics,16,468.95,6582.33
2024-03-20,West,Home Decor,73,186.81,8378.11
2024-03-20,East,Home Decor,66,474.79,27256.46
2024-03-20,West,Home Decor,94,332.37,18274.95
2024-03-20,East,Fashion,78,393.04,18931.09
2024-03-20,South,Fashion,83,183.06,9527.81
2024-03-20,West,Electronics,58,64.68,3281.92
2024-03-21,West,Fashion,73,445.66,20341.87
2024-03-21,East,Electronics,20,436.15,7075.44
2024-03-21,South,Home Decor,17,56.58,485.9
2024-03-21,East,Electronics,28,356.99,6859.79
2024-03-21,East,Home Decor,82,438.64,25492.79
2024-03-21,East,Home Decor,35,418.27,8066.25
2024-03-21,South,Fashion,52,256.21,7824.6
2024-03-22,North,Electronics,35,236.67,4310.62
2024-03-22,West,Home Decor,64,164.01,8122.83
2024-03-22,West,Fashion,70,254.71,9210.82
2024-03-22,South,Fashion,49,388.3,11275.07
2024-03-22,South,Fashion,62,404.02,14470.07
2024-03-22,East,Electronics,93,282.05,17772.88
2024-03-22,West,Fashion,66,154.2,7220.37
2024-03-23,East,Home Decor,55,62.74,2036.92
2024-03-23,South,Electronics,87,87.22,6643.86
2024-03-23,South,Fashion,46,140.25,4049.08
2024-03-23,South,Electronics,70,205.15,8892.46
2024-03-23,South,Fashion,39,244.92,7649.64
2024-03-24,South,Electronics,88,384.39,18920.55
2024-03-24,North,Fashion,49,148.87,4919.48
2024-03-24,East,Electronics,23,301.81,3703.29
2024-03-24,West,Fashion,74,190.26,10771.0
2024-03-24,West,Fashion,92,389.31,21897.8
2024-03-24,West,Electronics,51,266.6,10603.66
2024-03-24,North,Fashion,91,386.6,30774.97
2024-03-24,East,Electronics,57,293.9,9136.31
2024-03-24,North,Electronics,99,235.1,14419.11
2024-03-24,West,Electronics,57,377.04,13452.04
2024-03-24,South,Fashion,80,160.83,8555.66
2024-03-25,East,Fashion,68,433.66,24598.12
2024-03-25,South,Home Decor,12,273.07,1738.98
2024-03-25,North,Electronics,48,465.81,19915.45
2024-03-25,East,Electronics,94,487.59,24324.87
2024-03-25,North,Electronics,56,424.12,14969.46
2024-03-25,East,Electronics,26,258.4,3743.39
2024-03-25,East,Electronics,25,228.94,3622.3
2024-03-25,South,Electronics,77,352.43,15216.05
2024-03-26,North,Home Decor,98,340.07,25295.31
2024-03-26,North,Electronics,90,127.45,7896.06
2024-03-26,North,Home Decor,34,218.95,6437.71
2024-03-26,North,Home Decor,55,332.6,12129.84
2024-03-26,East,Home Decor,56,472.97,15306.69
2024-03-26,West,Home Decor,83,92.92,5304.62
2024-03-26,West,Home Decor,67,331.26,17256.65
2024-03-26,West,Home Decor,79,209.42,12456.03
2024-03-26,West,Home Decor,47,479.68,13114.37
2024-03-26,South,Home Decor,76,386.51,21367.81
2024-03-26,West,Electronics,42,55.96,1788.03
2024-03-26,North,Electronics,61,349.32,16886.21
2024-03-26,South,Electronics,66,317.34,12604.7
2024-03-26,South,Home Decor,17,337.08,2896.43
2024-03-26,East,Fashion,55,237.17,7622.52
2024-03-27,East,Fashion,23,468.9,9248.89
2024-03-27,North,Home Decor,28,344.3,8058.68
2024-03-27,West,Fashion,30,299.02,5793.83
2024-03-27,North,Fashion,54,149.86,5389.44
2024-03-27,South,Electronics,76,413.96,24885.99
2024-03-27,South,Fashion,56,69.05,3470.97
2024-03-27,East,Fashion,26,321.38,7178.52
2024-03-27,South,Electronics,84,376.19,19374.58
2024-03-27,South,Home Decor,10,371.48,2350.72
2024-03-27,South,Home Decor,95,121.56,9608.8
2024-03-28,East,Fashion,77,209.77,9667.11
2024-03-28,East,Fashion,40,253.81,8041.41
2024-03-28,East,Fashion,40,157.62,3165.08
2024-03-28,West,Electronics,94,236.86,12930.01
2024-03-28,North,Fashion,29,304.24,6434.49
2024-03-28,South,Fashion,95,415.72,35291.8
2024-03-28,East,Home Decor,58,305.64,14497.1
2024-03-28,West,Home Decor,67,219.79,10437.46
2024-03-28,South,Home Decor,73,150.47,7878.04
2024-03-29,East,Fashion,13,217.49,2070.99
2024-03-29,North,Fashion,36,443.18,13664.69
2024-03-29,West,Home Decor,72,355.8,16084.29
2024-03-29,South,Fashion,78,234.99,12641.03
2024-03-29,North,Fashion,75,313.02,17897.58
2024-03-29,North,Fashion,46,497.74,12205.73
2024-03-29,West,Electronics,26,461.87,7533.07
2024-03-29,North,Home Decor,91,398.26,18744.95
2024-03-29,West,Home Decor,83,443.98,22758.02
2024-03-29,North,Electronics,54,135.42,4962.21
2024-03-29,West,Fashion,55,199.44,6975.4
2024-03-29,South,Fashion,28,237.11,5036.67
2024-03-29,West,Home Decor,86,435.71,21617.95
2024-03-29,East,Electronics,38,334.39,10428.15
2024-03-30,South,Fashion,61,72.51,3627.32
2024-03-30,East,Electronics,78,236.22,13876.38
2024-03-30,North,Fashion,31,196.36,4272.26
2024-03-30,North,Fashion,42,158.85,3898.36
2024-03-30,North,Electronics,14,70.73,515.62
2024-03-30,East,Fashion,90,334.88,23873.18
2024-03-30,West,Fashion,96,495.66,32252.54
2024-03-30,East,Fashion,32,306.27,7438.52
2024-03-30,West,Home Decor,35,223.85,6825.95
2024-03-30,East,Electronics,28,378.72,8583.23
2024-03-30,West,Home Decor,63,339.27,13209.76
2024-03-30,South,Electronics,68,217.97,7963.97
2024-03-30,South,Electronics,87,303.65,23393.51
2024-03-30,North,Electronics,91,205.35,16646.48
2024-03-30,North,Home Decor,15,427.85,4589.42
2024-03-30,East,Electronics,91,245.9,17433.54
2024-03-30,North,Fashion,47,57.12,2407.0
2024-03-30,West,Electronics,44,191.82,7140.18
2024-03-30,South,Home Decor,63,279.75,9080.62
2024-03-30,South,Fashion,56,366.19,14133.4
2024-03-30,East,Electronics,30,492.91,11746.55
